INLINE ItemTable,Name,Description,Use Desc,ID,Type,ItemAbility,Stat Boosts,Effectiveness,Uses,Mt,Hit,Wt,Crit,Range,Price Per Use,Weapon Level,Icon,Use Effect,Weapon Effect,Weapon EXP,Debuff Type,IER Byte,Item Skill
Nothing,0x0,0x0,0x0,0x0,0x0,0x0,0x0,0x0,0,0,0,0,0,0x0,0,NoRank,0x0,0x0,NoEffect,0,0x0,0x0,0x0
0x01 Iron Sword,Test_Name,IronWeapon_Desc,0x0,0x1,SwordID,IsWeapon,0x0,0x0,24,5,90,5,0,0x11,10,DRank,0x1,0x0,NoEffect,1,0x0,0x0,0x0
0x02 Slim Sword,SlimSword_Name,SlimWeapon_Desc,0x0,0x2,SwordID,IsWeapon,0x0,0x0,20,3,100,2,5,0x11,16,CRank,0x2,0x0,NoEffect,1,0x0,0x0,0x0
0x03 Fine Sword,FineSword_Name,FineWeapon_Desc,0x0,0x3,SwordID,IsWeapon,0x0,0x0,16,8,75,10,0,0x11,20,BRank,0x3,0x0,NoEffect,1,0x0,0x0,0x0
0x04 Gilt Sword,GiltSword_Name,GiltWeapon_Desc,0x0,0x4,SwordID,IsWeapon,0x0,0x0,12,13,80,8,0,0x11,75,ARank,0x4,0x0,NoEffect,1,0x0,0x0,0x0
0x05 Iron Blade,IronBlade_Name,IronHeavy_Desc,0x0,0x5,SwordID,IsWeapon,0x0,0x0,24,9,70,12,0,0x11,28,DRank,0x5,0x0,NoEffect,2,0x0,0x0,0x0
0x06 Slim Blade,SlimBlade_Name,SlimHeavy_Desc,0x0,0x6,SwordID,IsWeapon,0x0,0x0,20,11,65,14,0,0x11,50,CRank,0x6,0x0,NoEffect,2,0x0,0x0,0x0
0x07 Fine Blade,FineBlade_Name,FineHeavy_Desc,0x0,0x7,SwordID,IsWeapon,0x0,0x0,16,14,60,13,0,0x11,120,BRank,0x7,0x0,NoEffect,2,0x0,0x0,0x0
0x08 Gilt Blade,GiltBlade_Name,GiltHeavy_Desc,0x0,0x8,SwordID,IsWeapon,0x0,0x0,12,3,70,6,0,0x11,0,ARank,0x8,0x0,NoEffect,1,0x0,0x0,0x0
0x09 Cutting Edge,CuttingEdge_Name,KillerWeapon_Desc,0x0,0x9,SwordID,IsWeapon,0x0,0x0,12,7,95,5,10,0x11,150,CRank,0x9,0x0,NoEffect,2,0x0,0x0,0x0
0x0A Bleedin' Edge,BleedinEdge_Name,KillerWeapon_Desc,0x0,0xa,SwordID,IsWeapon,0x0,0x0,8,8,80,3,20,0x11,0,ARank,0xa,0x0,NoEffect,2,0x0,0x0,0x0
0x0B Brave Dirk,BraveDirk_Name,BraveWeapon_Desc,0x0,0xb,SwordID,IsWeapon|IsBrave,0x0,0x0,12,9,75,12,0,0x11,250,DRank,0xb,0x0,NoEffect,1,0x0,0x0,0x0
0x0C Valiant Dirk,ValiantDirk_Name,BraveWeapon_Desc,0x0,0xc,SwordID,IsWeapon|IsBrave,0x0,0x0,8,8,75,5,35,0x11,60,BRank,0xc,0x0,NoEffect,1,0x0,0x0,0x0
0x0D Lancereaver,Lancereaver_Name,ReaverWeapon_Desc,0x0,0xd,SwordID,IsWeapon|ReverseTriangle,0x0,0x0,8,9,75,7,30,0x11,65,CRank,0xd,0x0,NoEffect,1,0x0,0x0,0x0
0x0E Iron Lance,IronLance_Name,IronWeapon_Desc,0x0,0xe,LanceID,IsWeapon,0x0,0x0,24,8,80,11,0,0x11,70,DRank,0xe,0x0,NoEffect,1,0x0,0x0,0x0
0x0F Slim Lance,SlimLance_Name,SlimWeapon_Desc,0x0,0xf,LanceID,IsWeapon,0x0,0x0,20,8,75,5,0,0x11,150,CRank,0xf,0x0,NoEffect,1,0x0,0x0,0x0
0x10 Fine Lance,FineLance_Name,FineWeapon_Desc,0x0,0x10,LanceID,IsWeapon,0x0,0x0,16,9,70,9,0,0x12,50,BRank,0x10,0x0,NoEffect,1,0x0,0x0,0x0
0x11 Gilt Lance,GiltLance_Name,GiltWeapon_Desc,0x0,0x11,LanceID,IsWeapon,0x0,0x0,12,12,65,11,0,0x12,220,ARank,0x11,0x0,NoEffect,1,0x0,0x0,0x0
0x12 Iron Glaive,IronGlaive_Name,IronHeavy_Desc,0x0,0x12,LanceID,IsWeapon,0x0,0x0,24,9,75,9,5,0x11,120,DRank,0x12,0x0,NoEffect,2,0x0,0x0,0x0
0x13 Slim Glaive,SlimGlaive_Name,SlimHeavy_Desc,0x0,0x13,LanceID,IsWeapon,0x0,0x0,20,6,85,11,0,0x11,70,CRank,0x13,0x0,NoEffect,1,0x0,0x0,0x0
0x14 Fine Glaive,FineGlaive_Name,FineHeavy_Desc,0x0,0x14,LanceID,IsWeapon,0x0,0x0,16,7,80,8,0,0x11,8,BRank,0x14,0x0,NoEffect,1,0x0,0x0,0x0
0x15 Gilt Glaive,GiltGlaive_Name,GiltHeavy_Desc,0x0,0x15,LanceID,IsWeapon,0x0,0x0,12,4,85,4,5,0x11,15,ARank,0x15,0x0,NoEffect,1,0x0,0x0,0x0
0x16 Javelin,Javelin_Name,RangedWeapon_Desc,0x0,0x16,LanceID,IsWeapon,0x0,0x0,12,10,70,13,0,0x11,16,DRank,0x16,0x0,NoEffect,2,0x0,0x0,0x0
0x17 Spear,Spear_Name,RangedWeapon_Desc,0x0,0x17,LanceID,IsWeapon,0x0,0x0,8,14,75,10,0,0x11,60,BRank,0x17,0x0,NoEffect,1,0x0,0x0,0x0
0x18 Fervid Pike,FervidPike_Name,MagicWeapon_Desc,0x0,0x18,LanceID,IsWeapon|MagicDamage,0x0,0x0,12,4,65,8,0,0x11,0,DRank,0x18,0x0,NoEffect,1,0x0,0x0,0x0
0x19 Frigid Pike,FrigidPike_Name,MagicWeapon_Desc,0x0,0x19,LanceID,IsWeapon|MagicDamage,0x0,0x0,12,10,70,14,0,0x11,250,CRank,0x19,0x0,NoEffect,1,0x0,0x0,0x0
0x1A Forked Pike,ForkedPike_Name,MagicWeapon_Desc,0x0,0x1a,LanceID,IsWeapon|MagicDamage,0x0,0x0,12,10,70,9,30,0x11,60,BRank,0x1a,0x0,NoEffect,1,0x0,0x0,0x0
0x1B Flurry Pike,FlurryPike_Name,MagicWeapon_Desc,0x0,0x1b,LanceID,IsWeapon|MagicDamage,0x0,0x0,12,7,70,13,0,0x11,65,ARank,0x1b,0x0,NoEffect,1,0x0,0x0,0x0
0x1C Axereaver,Axereaver_Name,ReaverWeapon_Desc,0x0,0x1c,LanceID,IsWeapon|ReverseTriangle,0x0,0x0,8,6,65,11,0,0x12,20,CRank,0x1c,0x0,NoEffect,1,0x0,0x0,0x0
0x1D Iron Axe,IronAxe_Name,IronWeapon_Desc,0x0,0x1d,AxeID,IsWeapon,0x0,0x0,24,12,70,10,5,0x12,600,DRank,0x1d,0x0,NoEffect,1,0x0,0x0,0x0
0x1E Slim Axe,SlimAxe_Name,SlimWeapon_Desc,0x0,0x1e,AxeID,IsWeapon,0x0,0x0,20,10,70,11,5,0x11,130,CRank,0x1e,0x0,NoEffect,2,0x0,0x0,0x0
0x1F Fine Axe,FineAxe_Name,FineWeapon_Desc,0x0,0x1f,AxeID,IsWeapon,0x0,0x0,16,8,75,10,0,0x11,6,BRank,0x1f,0x0,NoEffect,1,0x0,0x0,0x0
0x20 Gilt Axe,GiltAxe_Name,GiltWeapon_Desc,0x0,0x20,AxeID,IsWeapon,0x0,0x0,12,11,65,15,0,0x11,12,ARank,0x20,0x0,NoEffect,2,0x0,0x0,0x0
0x21 Iron Labrys,IronLabrys_Name,IronHeavy_Desc,0x0,0x21,AxeID,IsWeapon,0x0,0x0,24,15,70,12,0,0x11,50,DRank,0x21,0x0,NoEffect,1,0x0,0x0,0x0
0x22 Slim Labrys,SlimLabrys_Name,SlimHeavy_Desc,0x0,0x22,AxeID,IsWeapon,0x0,0x0,20,4,60,10,0,0x11,0,CRank,0x22,0x0,NoEffect,1,0x0,0x0,0x0
0x23 Fine Labrys,FineLabrys_Name,FineHeavy_Desc,0x0,0x23,AxeID,IsWeapon,0x0,0x0,16,10,65,16,0,0x11,250,BRank,0x23,0x0,NoEffect,1,0x0,0x0,0x0
0x24 Gilt Labrys,GiltLabrys_Name,GiltHeavy_Desc,0x0,0x24,AxeID,IsWeapon,0x0,0x0,12,11,65,11,30,0x11,50,ARank,0x24,0x0,NoEffect,1,0x0,0x0,0x0
0x25 Hand Axe,HandAxe_Name,RangedWeapon_Desc,0x0,0x25,AxeID,IsWeapon,0x0,0x0,12,10,60,15,0,0x11,45,DRank,0x25,0x0,NoEffect,1,0x0,0x0,0x0
0x26 Tomahawk,Tomahawk_Name,RangedWeapon_Desc,0x0,0x26,AxeID,IsWeapon,0x0,0x0,8,10,55,15,0,0x11,40,BRank,0x26,0x0,NoEffect,2,0x0,0x0,0x0
0x27 Cutting Yue,CuttingYue_Name,KillerWeapon_Desc,0x0,0x27,AxeID,IsWeapon,0x0,0x0,12,18,55,18,0,0x11,45,CRank,0x27,0x0,NoEffect,8,0x0,0x0,0x0
0x28 Bleedin' Yue,BleedinYue_Name,KillerWeapon_Desc,0x0,0x28,AxeID,IsWeapon,0x0,0x0,8,7,60,12,0,0x12,15,ARank,0x28,0x0,NoEffect,1,0x0,0x0,0x0
0x29 Swordreaver,Swordreaver_Name,ReaverWeapon_Desc,0x0,0x29,AxeID,IsWeapon|ReverseTriangle,0x0,0x0,8,13,65,14,0,0x12,200,CRank,0x29,0x0,NoEffect,1,0x0,0x0,0x0
0x2A Fir Flatbow,FirFlatbow_Name,FirBow_Desc,0x0,0x2a,BowID,IsWeapon,0x0,0x0,24,11,65,13,5,0x11,140,DRank,0x2a,0x0,NoEffect,2,0x0,0x0,0x0
0x2B Elm Flatbow,ElmFlatbow_Name,ElmBow_Desc,0x0,0x2b,BowID,IsWeapon,0x0,0x0,20,11,80,13,5,0x11,100,CRank,0x2b,0x0,NoEffect,1,0x0,0x0,0x0
0x2C Ash Flatbow,AshFlatbow_Name,AshBow_Desc,0x0,0x2c,AxeID,IsWeapon,0x0,0x0,16,4,85,5,0,0x12,0,BRank,0x2c,0x0,NoEffect,1,0x0,0x0,0x0
0x2D Oak Flatbow,OakFlatbow_Name,OakBow_Desc,0x0,0x2d,BowID,IsWeapon,0x0,0x0,12,6,85,5,0,0x22,12,ARank,0x2d,0x0,NoEffect,1,0x0,0x0,0x0
0x2E Fir Longbow,FirLongbow_Name,FirBow_Desc,0x0,0x2e,BowID,IsWeapon,0x0,0x0,24,9,70,9,0,0x22,24,DRank,0x2e,0x0,NoEffect,1,0x0,0x0,0x0
0x2F Elm Longbow,ElmLongbow_Name,ElmBow_Desc,0x0,0x2f,BowID,IsWeapon,0x0,0x0,20,13,75,6,0,0x22,80,CRank,0x2f,0x0,NoEffect,1,0x0,0x0,0x0
0x30 Ash Longbow,AshLongbow_Name,AshBow_Desc,0x0,0x30,BowID,IsWeapon,0x0,0x0,16,4,65,5,0,0x22,0,BRank,0x30,0x0,NoEffect,1,0x0,0x0,0x0
0x31 Oak Longbow,OakLongbow_Name,OakBow_Desc,0x0,0x31,BowID,IsWeapon,0x0,0x0,12,9,75,7,30,0x22,70,ARank,0x31,0x0,NoEffect,1,0x0,0x0,0x0
0x32 Gleaming Bow,GleamingBow_Name,MagicWeapon_Desc,0x0,0x32,BowID,IsWeapon|MagicDamage,0x0,0x0,16,10,70,12,0,0x22,250,DRank,0x32,0x0,NoEffect,1,0x0,0x0,0x0
0x33 Shining Bow,ShiningBow_Name,MagicWeapon_Desc,0x0,0x33,BowID,IsWeapon|MagicDamage,0x0,0x0,12,5,85,3,10,0x22,80,CRank,0x33,0x0,NoEffect,2,0x0,0x0,0x0
0x34 Radiant Bow,RadiantBow_Name,MagicWeapon_Desc,0x0,0x34,BowID,IsWeapon|MagicDamage,0x0,0x0,8,5,65,10,0,0x23,100,BRank,0x34,0x0,NoEffect,1,0x0,0x0,0x0
Ballista,0x393,0x443,0x0,0x35,BowID,IsWeapon|Uncounterable,0x0,0x0,8,8,60,20,0,0x3a,0,ERank,0x35,0x0,NoEffect,4,0x0,0x0,0x0
Iron Ballista,0x394,0x444,0x0,0x36,BowID,IsWeapon|Uncounterable,0x0,0x0,8,13,60,20,0,0x3f,0,ERank,0x36,0x0,NoEffect,4,0x0,0x0,0x0
Killer Ballista,0x395,0x445,0x0,0x37,BowID,IsWeapon|Uncounterable,0x0,0x0,8,12,65,20,10,0x3a,0,ERank,0x37,0x0,NoEffect,4,0x0,0x0,0x0
0x38 Classic Fire,ClassicFire_Name,ClassicMagic_Desc,0x0,0x38,AnimaID,IsWeapon|IsMagic,0x0,0x0,20,5,90,4,0,0x12,14,DRank,0x38,0x0,NoEffect,1,0x0,0x0,0x0
0x39 Mystic Fire,MysticFire_Name,MysticMagic_Desc,0x0,0x39,AnimaID,IsWeapon|IsMagic,0x0,0x0,16,8,80,6,5,0x12,20,CRank,0x39,0x0,NoEffect,1,0x0,0x0,0x0
0x3A Orphic Fire,OrphicFire_Name,OrphicMagic_Desc,0x0,0x3a,AnimaID,IsWeapon|IsMagic,0x0,0x0,12,10,85,10,0,0x12,40,BRank,0x3a,0x0,NoEffect,2,0x0,0x0,0x0
0x3B Classic Gulf,ClassicGulf_Name,GulfMagic_Desc,0x0,0x3b,AnimaID,IsWeapon|IsMagic,0x0,0x0,20,12,60,20,0,0x3a,500,CRank,0x3b,0x0,NoEffect,1,0x0,0x0,0x0
0x3C Mystic Gulf,MysticGulf_Name,GulfMagic_Desc,0x0,0x3c,AnimaID,IsWeapon|IsMagic,0x0,0x0,16,13,80,12,0,0x12,300,BRank,0x3c,0x0,NoEffect,1,0x0,0x0,0x0
0x3D Orphic Gulf,OrphicGulf_Name,GulfMagic_Desc,0x0,0x3d,AnimaID,IsWeapon|IsMagic,0x0,0x0,12,14,85,11,5,0x12,0,ARank,0x3d,0x0,NoEffect,1,0x0,0x0,0x0
0x3E Classic Jolt,ClassicJolt_Name,JoltMagic_Desc,0x0,0x3e,AnimaID,IsWeapon|IsMagic,0x88aeec4,0x0,20,18,90,13,10,0x12,0,DRank,0x3e,0x0,NoEffect,1,0x0,0x0,0x0
0x3F Mystic Jolt,MysticJolt_Name,JoltMagic_Desc,0x0,0x3f,AnimaID,IsWeapon|IsMagic,0x0,0x0,16,4,95,6,5,0x12,18,CRank,0x3f,0x0,NoEffect,1,0x0,0x0,0x0
0x40 Orphic Jolt,OrphicJolt_Name,JoltMagic_Desc,0x0,0x40,AnimaID,IsWeapon|IsMagic,0x0,0x0,12,6,90,8,8,0x12,30,BRank,0x40,0x0,NoEffect,2,0x0,0x0,0x0
0x41 Classic Bolt,ClassicBolt_Name,BoltMagic_Desc,0x0,0x41,AnimaID,IsWeapon|IsMagic,0x0,0x0,20,8,85,12,10,0x12,100,CRank,0x41,0x0,NoEffect,1,0x0,0x0,0x0
0x42 Mystic Bolt,MysticBolt_Name,BoltMagic_Desc,0x0,0x42,AnimaID,IsWeapon|IsMagic,0x0,0x0,16,10,75,20,5,0x3a,600,BRank,0x42,0x0,NoEffect,3,0x0,0x0,0x0
0x43 Orphic Bolt,OrphicBolt_Name,BoltMagic_Desc,0x0,0x43,AnimaID,IsWeapon|IsMagic,0x0,0x0,12,12,85,15,15,0x12,400,ARank,0x43,0x0,NoEffect,1,0x0,0x0,0x0
0x44 Classic Wind,ClassicWind_Name,WindMagic_Desc,0x0,0x44,AnimaID,IsWeapon|IsMagic,0x0,0x0,20,6,85,10,0,0x12,200,DRank,0x44,0x0,NoEffect,3,0x0,0x0,0x0
0x45 Mystic Wind,MysticWind_Name,WindMagic_Desc,0x0,0x45,AnimaID,IsWeapon|IsMagic,0x0,0x0,16,7,80,8,0,0x12,20,CRank,0x45,0x0,NoEffect,1,0x0,0x0,0x0
0x46 Orphic Wind,OrphicWind_Name,WindMagic_Desc,0x0,0x46,AnimaID,IsWeapon|IsMagic,0x0,0x0,12,0,50,12,10,0x12,140,BRank,0x46,0x0,NoEffect,1,0x0,0x0,0x0
0x47 Classic Gale,ClassicGale_Name,BraveWeapon_Desc,0x0,0x47,AnimaID,IsWeapon|IsMagic|IsBrave,0x0,0x0,20,10,70,14,0,0x12,160,CRank,0x47,0x0,NoEffect,1,0x0,0x0,0x0
0x48 Mystic Gale,MysticGale_Name,BraveWeapon_Desc,0x0,0x48,AnimaID,IsWeapon|IsMagic|IsBrave,0x0,0x0,16,255,30,12,0,0x3a,800,BRank,0x48,0x0,NoEffect,8,0x0,0x0,0x0
0x49 Brave Self,BraveSelf_Name,BraveWeapon_Desc,0x0,0x49,BowID,IsWeapon|IsBrave,0x0,0x0,12,15,70,18,0,0x12,450,DRank,0x49,0x0,NoEffect,1,0x0,0x0,0x0
0x4A Valiant Self,ValiantSelf_Name,BraveWeapon_Desc,0x0,0x4a,BowID,IsWeapon|IsBrave,0x0,0x0,8,23,80,20,0,0x12,0,BRank,0x4a,0x0,NoEffect,3,0x0,0x0,0x0
0x4B Heal Injuries,HealInjuries_Name,0x471,0x4af,0x4b,StaffID,IsStaff,0x0,0x0,12,0,100,2,0,0x11,20,DRank,0x4b,0x1,NoEffect,2,0x0,0x0,0x0
0x4C Mend Wounds,MendWounds_Name,0x472,0x4b0,0x4c,StaffID,IsStaff,0x0,0x0,8,0,100,4,0,0x11,50,CRank,0x4c,0x2,NoEffect,3,0x0,0x0,0x0
0x4D Full Recover,FullRecover_Name,0x473,0x4b1,0x4d,StaffID,IsStaff,0x0,0x0,4,0,100,6,0,0x11,150,BRank,0x4d,0x3,NoEffect,3,0x0,0x0,0x0
0x4E Long Physick,LongPhysick_Name,0x474,0x4b2,0x4e,StaffID,IsStaff,0x0,0x0,4,0,100,5,0,0x10,250,BRank,0x4e,0x4,NoEffect,3,0x0,0x0,0x0
0x4F Fortification,Fortification_Name,0x475,0x4b3,0x4f,StaffID,IsStaff,0x0,0x0,2,0,100,7,0,0x10,1000,ARank,0x4f,0x5,NoEffect,5,0x0,0x0,0x0
0x50 Restoration,Restoration_Name,0x476,0x4b4,0x50,StaffID,IsStaff,0x0,0x0,8,0,100,4,0,0x11,200,CRank,0x50,0x6,NoEffect,3,0x0,0x0,0x0
0x51 Quiet Speech,QuietSpeech_Name,0x477,0x4b5,0x51,StaffID,IsStaff,0x0,0x0,1,0,70,7,0,0x10,400,BRank,0x51,0x7,NoEffect,5,0x0,"ItemStatus(SilenceStatusID,5)",0x0
0x52 Slumber Mind,SlumberMind_Name,0x478,0x4b6,0x52,StaffID,IsStaff,0x0,0x0,1,0,65,8,0,0x10,500,BRank,0x52,0x8,NoEffect,5,0x0,"ItemStatus(SleepStatusID,5)",0x0
0x53 Incense Soul,IncenseSoul_Name,0x479,0x4b7,0x53,StaffID,IsStaff,0x0,0x0,1,0,60,8,0,0x10,600,BRank,0x53,0x9,NoEffect,5,0x0,"ItemStatus(BerserkStatusID,5)",0x0
0x54 Ingression,Ingression_Name,0x47a,0x4b8,0x54,StaffID,IsStaff,0x0,0x0,1,0,100,5,0,0x11,1500,ARank,0x54,0xa,NoEffect,7,0x0,0x0,0x0
0x55 Egression,Egression_Name,0x47b,0x4b9,0x55,StaffID,IsStaff,0x0,0x0,1,0,100,6,0,0x10,600,ARank,0x55,0xb,NoEffect,7,0x0,0x0,0x0
0x56 Illumination,Illumination_Name,0x47c,0x4ba,0x56,StaffID,IsStaff,0x0,0x0,8,0,100,5,0,0x10,100,DRank,0x56,0xc,NoEffect,5,0x0,0x0,0x0
0x57 Reformation,Reformation_Name,0x47d,0x4bb,0x57,StaffID,IsStaff|CannotRepair,0x0,0x0,1,0,100,7,0,0x11,600,ARank,0x57,0xd,NoEffect,8,0x0,0x0,0x0
0x58 Unbolt Lock,UnboltLock_Name,0x47e,0x4bc,0x58,StaffID,IsStaff,0x0,0x0,8,0,100,7,0,0x12,150,DRank,0x58,0xe,NoEffect,5,0x0,0x0,0x0
0x59 Imbue Barrier,ImbueBarrier_Name,0x47f,0x4bd,0x59,StaffID,IsStaff,0x0,0x0,4,0,100,4,0,0x11,150,CRank,0x59,0xf,NoEffect,4,0x0,0x0,0x0
0x5A Orphic Gale,OrphicGale_Name,BraveWeapon_Desc,0x0,0x5a,AnimaID,IsWeapon|IsMagic|IsBrave,0x0,0x0,12,12,60,11,0,0x11,150,ARank,0x5a,0x0,NoEffect,1,0x0,0x0,0x0
Angelic Robe,0x3d4,0x483,0x4c1,0x5b,ItemID,0x0,0x88aeedc,0x0,1,0,0,0,0,0x11,8000,NoRank,0x5b,0x10,NoEffect,0,0x0,0x0,0x0
Energy Ring,0x3d5,0x484,0x4c2,0x5c,ItemID,0x0,0x88aeee8,0x0,1,0,0,0,0,0x11,8000,NoRank,0x5c,0x11,NoEffect,0,0x0,0x0,0x0
Secret Book,0x3d6,0x485,0x4c3,0x5d,ItemID,0x0,0x88aeef4,0x0,1,0,0,0,0,0x11,8000,NoRank,0x5d,0x12,NoEffect,0,0x0,0x0,0x0
Speedwings,0x3d7,0x486,0x4c4,0x5e,ItemID,0x0,0x88aef00,0x0,1,0,0,0,0,0x11,8000,NoRank,0x5e,0x13,NoEffect,0,0x0,0x0,0x0
Goddess Icon,0x3d8,0x487,0x4c5,0x5f,ItemID,0x0,0x88aef0c,0x0,1,0,0,0,0,0x11,8000,NoRank,0x5f,0x14,NoEffect,0,0x0,0x0,0x0
Dragonshield,0x3d9,0x488,0x4c6,0x60,ItemID,0x0,0x88aef18,0x0,1,0,0,0,0,0x11,8000,NoRank,0x60,0x15,NoEffect,0,0x0,0x0,0x0
Talisman,0x3da,0x489,0x4c7,0x61,ItemID,0x0,0x88aef24,0x0,1,0,0,0,0,0x11,8000,NoRank,0x61,0x16,NoEffect,0,0x0,0x0,0x0
Swiftsoles,0x3db,0x48a,0x4c8,0x62,ItemID,0x0,0x88aef30,0x0,1,0,0,0,0,0x11,8000,NoRank,0x62,0x17,NoEffect,0,0x0,0x0,0x0
Body Ring,0x3dc,0x48b,0x4c9,0x63,ItemID,0x0,0x88aef3c,0x0,1,0,0,0,0,0x11,8000,NoRank,0x63,0x18,NoEffect,0,0x0,0x0,0x0
0x64 Divine Truth,DivineTruth_Name,DivineTruth_Desc,DivineTruth_UseDesc,0x64,StaffID,IsStaff,0x0,0x0,4,0,0,0,0,0x11,500,NoRank,0x64,0x39,NoEffect,0,0x0,0x0,0x0
0x65 Acceleration,Acceleration_Name,Acceleration_Desc,Acceleration_UseDesc,0x65,StaffID,IsStaff,0x0,0x0,4,0,0,0,0,0x11,10000,ARank,0x65,0x1a,NoEffect,0,0x0,0x0,0x0
0x66 Manafication,Manafication_Name,Manafication_Desc,Manafication_UseDesc,0x66,StaffID,IsStaff,0x0,0x0,4,0,0,0,0,0x11,10000,BRank,0x66,0x1b,NoEffect,0,0x0,0x0,0x0
0x67 Invigoration,Invigoration_Name,Invigoration_Desc,Invigoration_UseDesc,0x67,StaffID,IsStaff,0x0,0x0,4,0,0,0,0,0x11,10000,CRank,0x67,0x1c,NoEffect,0,0x0,0x0,0x0
0x68 Amelioration,Amelioration_Name,Amelioration_Desc,Amelioration_UseDesc,0x68,StaffID,IsStaff,0x0,0x0,4,0,0,0,0,0x11,10000,DRank,0x68,0x1d,NoEffect,0,0x0,0x0,0x0
Chest Key,0x3e2,0x491,0x4cf,0x69,ItemID,0x0,0x0,0x0,1,0,0,0,0,0x11,300,NoRank,0x69,0x1e,NoEffect,0,0x0,0x0,0x0
Door Key,0x3e3,0x492,0x4d0,0x6a,ItemID,0x0,0x0,0x0,1,0,0,0,0,0x11,50,NoRank,0x6a,0x1f,NoEffect,0,0x0,0x0,0x0
Lockpick,0x3e4,0x493,0x4d1,0x6b,ItemID,0x0,0x0,0x0,15,0,0,0,0,0x11,80,NoRank,0x6b,0x20,NoEffect,0,0x0,0x0,0x0
Vulnerary,0x3e5,0x494,0x4d2,0x6c,ItemID,0x0,0x0,0x0,3,0,0,0,0,0x11,100,NoRank,0x6c,0x21,NoEffect,0,0x0,0x0,0x0
Elixir,0x3e6,0x495,0x4d3,0x6d,ItemID,0x0,0x0,0x0,3,0,0,0,0,0x11,1000,NoRank,0x6d,0x22,NoEffect,0,0x0,0x0,0x0
Pure Water,0x3e7,0x496,0x4d4,0x6e,ItemID,0x0,0x0,0x0,3,0,0,0,0,0x11,300,NoRank,0x6e,0x23,NoEffect,0,0x0,0x0,0x0
Antitoxin,0x3e8,0x497,0x4d5,0x6f,ItemID,0x0,0x0,0x0,3,0,0,0,0,0x11,150,NoRank,0x6f,0x24,NoEffect,0,0x0,0x0,0x0
Torch,0x3e9,0x498,0x4d6,0x70,ItemID,0x0,0x0,0x0,5,0,0,0,0,0x11,100,NoRank,0x70,0x25,NoEffect,0,0x0,0x0,0x0
Filli Shield,0x3ea,0x499,0x4d7,0x71,ItemID,Indestructible|NegateFlyingEffectiveness,0x0,0x0,0,0,0,0,0,0x11,10000,NoRank,0x71,0x0,NoEffect,0,0x0,0x0,0x0
Member Card,0x3eb,0x49a,0x4d8,0x72,ItemID,0x0,0x0,0x0,1,0,0,0,0,0x11,6000,NoRank,0x72,0x0,NoEffect,0,0x0,0x0,0x0
Silver Card,0x3ec,0x49b,0x4d9,0x73,ItemID,0x0,0x0,0x0,1,0,0,0,0,0x11,4000,NoRank,0x73,0x0,NoEffect,0,0x0,0x0,0x0
White Gem,0x3ef,0x49e,0x0,0x74,ItemID,0x0,0x0,0x0,1,0,0,0,0,0x11,20000,NoRank,0x74,0x0,NoEffect,0,0x0,0x0,0x0
Blue Gem,0x3f0,0x49f,0x0,0x75,ItemID,0x0,0x0,0x0,1,0,0,0,0,0x11,10000,NoRank,0x75,0x0,NoEffect,0,0x0,0x0,0x0
Red Gem,0x3f1,0x4a0,0x0,0x76,ItemID,0x0,0x0,0x0,1,0,0,0,0,0x11,5000,NoRank,0x76,0x0,NoEffect,0,0x0,0x0,0x0
Gold,0x3f2,0x4a1,0x4da,0x77,ItemID,0x0,0x0,0x0,1,0,0,0,0,0x11,0,NoRank,0x77,0x0,NoEffect,0,0x0,0x0,0x0
Reginleif,0x374,0x424,0x0,0x78,LanceID,IsWeapon|Unsellable|EphraimLock,0x0,0x0,45,10,80,8,10,0x11,160,NoRank,0x78,0x0,NoEffect,2,0x0,0x0,0x0
Chest Key (5),0x3e2,0x491,0x4cf,0x79,ItemID,0x0,0x0,0x0,5,0,0,0,0,0x11,300,NoRank,0x79,0x26,NoEffect,0,0x0,0x0,0x0
Mine (DUMMY),0x403,0x4ab,0x0,0x7a,ItemID,0x0,0x0,0x0,1,0,0,0,0,0x11,500,NoRank,0x7a,0x27,NoEffect,0,0x0,0x0,0x0
Light Rune (DUMMY),0x403,0x4ab,0x0,0x7b,ItemID,0x0,0x0,0x0,1,0,0,0,0,0x11,800,NoRank,0x7b,0x28,NoEffect,0,0x0,0x0,0x0
Hoplon Guard,0x3f3,0x4a4,0x4dd,0x7c,ItemID,Indestructible|NegateCriticals,0x0,0x0,0,0,0,0,0,0x11,5000,NoRank,0x7c,0x0,NoEffect,0,0x0,0x0,0x0
Filla's Might (DUMMY),0x403,0x4ab,0x0,0x7d,RingID,CannotRepair,0x0,0x0,15,0,0,0,0,0x11,0,NoRank,0x7d,0x29,NoEffect,0,0x0,"ItemStatus(AtkRingStatusID,1)",0x0
Ninis's Grace (DUMMY),0x403,0x4ab,0x0,0x7e,RingID,CannotRepair,0x0,0x0,15,0,0,0,0,0x11,0,NoRank,0x7e,0x2a,NoEffect,0,0x0,"ItemStatus(DefRingStatusID,1)",0x0
Thor's Ire (DUMMY),0x403,0x4ab,0x0,0x7f,RingID,CannotRepair,0x0,0x0,15,0,0,0,0,0x11,0,NoRank,0x7f,0x2b,NoEffect,0,0x0,"ItemStatus(CritRingStatusID,1)",0x0
Set's Litany (DUMMY),0x403,0x4ab,0x0,0x80,RingID,CannotRepair,0x0,0x0,15,0,0,0,0,0x11,0,NoRank,0x80,0x2c,NoEffect,0,0x0,"ItemStatus(AvoRingStatusID,1)",0x0
0x81 Prosaic Glow,ProsaicGlow_Name,ClassicMagic_Desc,0x0,0x81,LightID,IsWeapon|IsMagic,0x0,0x0,20,5,90,5,5,0x11,0,DRank,0x81,0x0,NoEffect,1,0x0,0x0,0x0
0x82 Benefic Glow,BeneficGlow_Name,MysticMagic_Desc,0x0,0x82,LightID,IsWeapon|IsMagic,0x0,0x0,16,7,80,8,5,0x11,0,CRank,0x82,0x0,NoEffect,1,0x0,0x0,0x0
0x83 Angelic Glow,AngelicGlow_Name,OrphicMagic_Desc,0x0,0x83,LightID,IsWeapon|IsMagic,0x0,0x0,12,8,75,10,5,0x11,0,BRank,0x83,0x0,NoEffect,1,0x0,0x0,0x0
0x84 Prosaic Radi,ProsaicRadi_Name,KillerWeapon_Desc,0x0,0x84,LightID,IsWeapon|IsMagic,0x0,0x0,20,6,85,5,5,0x22,0,CRank,0x84,0x0,NoEffect,1,0x0,0x0,0x0
0x85 Benefic Radi,BeneficRadi_Name,KillerWeapon_Desc,0x0,0x85,LightID,IsWeapon|IsMagic,0x0,0x0,16,16,90,9,0,0x11,0,BRank,0x85,0x0,NoEffect,1,0x0,0x0,0x0
0x86 Angelic Radi,AngelicRadi_Name,KillerWeapon_Desc,0x0,0x86,LightID,IsWeapon|IsMagic,0x0,0x0,12,13,60,15,5,0x11,50,ARank,0x86,0x0,NoEffect,1,0x0,0x0,0x0
Ivaldi,0x3b5,0x464,0x0,0x87,LightID,IsWeapon|IsMagic|Unsellable,0x0,0x0,30,17,90,10,5,0x12,0,SRank,0x87,0x0,NoEffect,1,0x0,0x0,0x0
Master Seal,0x3f4,0x4a5,0x4de,0x88,ItemID,0x0,0x0,0x0,1,0,0,0,0,0x11,20000,NoRank,0x88,0x2d,NoEffect,0,0x0,0x0,0x0
Metis's Tome,0x3f5,0x4a6,0x4df,0x89,ItemID,0x0,0x0,0x0,1,0,0,0,0,0x11,0,NoRank,0x89,0x2e,NoEffect,0,0x0,0x0,0x0
Heaven Seal (DUMMY),0x403,0x4ab,0x0,0x8a,ItemID,0x0,0x0,0x0,1,0,0,0,0,0x11,20000,NoRank,0x8a,0x2f,NoEffect,0,0x0,0x0,0x0
Sharp Claw,0x39d,0x44d,0x0,0x8b,MonsterID,IsWeapon|Indestructible|MonsterWeapon,0x0,0x0,0,14,65,14,0,0x11,0,NoRank,0x8b,0x0,NoEffect,0,0x0,0x0,0x0
Latona,0x3d1,0x480,0x4be,0x8c,StaffID,IsStaff|Unsellable,0x0,0x0,3,0,100,5,0,0xff,0,SRank,0x8c,0x37,NoEffect,1,0x0,0x0,0x0
0x8D Prosaic Rule,ProsaicRule_Name,RuleMagic_Desc,0x0,0x8d,LightID,IsWeapon|IsMagic,0x0,0x0,20,10,70,8,0,0x11,150,DRank,0x8d,0x0,NoEffect,1,0x0,0x0,0x0
0x8E Benefic Rule,BeneficRule_Name,RuleMagic_Desc,0x0,0x8e,LightID,IsWeapon|IsMagic,0x0,0x0,16,15,85,11,0,0x11,0,CRank,0x8e,0x0,NoEffect,1,0x0,0x0,0x0
0x8F Angelic Rule,AngelicRule_Name,RuleMagic_Desc,0x0,0x8f,LightID,IsWeapon|IsMagic,0x0,0x0,12,25,95,18,0,0x12,0,BRank,0x8f,0x0,NoEffect,1,0x0,0x0,0x0
Wretched Air,0x397,0x447,0x4ac,0x90,MonsterID,IsWeapon|Indestructible|MonsterWeapon|NegateDef,0x0,0x0,0,10,100,0,0,0x12,0,ARank,0x90,0x0,NoEffect,0,0x0,0x0,0x0
0x91 Prosaic Fall,ProsaicFall_Name,FallMagic_Desc,0x0,0x91,LightID,IsWeapon|IsMagic,0x0,0x0,20,18,85,9,0,0x11,0,CRank,0x91,0x0,NoEffect,1,0x0,0x0,0x0
0x92 Benefic Fall,BeneficFall_Name,FallMagic_Desc,0x0,0x92,LightID,IsWeapon|IsMagic,0x0,0x0,16,17,80,11,0,0x11,0,BRank,0x92,0x0,NoEffect,1,0x0,0x0,0x0
0x93 Angelic Fall,AngelicFall_Name,FallMagic_Desc,0x0,0x93,LightID,IsWeapon|IsMagic,0x0,0x0,12,20,75,13,0,0x11,0,ARank,0x93,0x0,NoEffect,1,0x0,0x0,0x0
0x94 Prosaic Holy,ProsaicHoly_Name,ProsaicHoly_Desc,0x0,0x94,LightID,IsWeapon|IsMagic,0x0,0x0,20,18,80,7,0,0x22,0,DRank,0x94,0x0,NoEffect,1,0x0,0x0,0x0
0x95 Benefic Holy,BeneficHoly_Name,BeneficHoly_Desc,0x0,0x95,LightID,IsWeapon|IsMagic,0x0,0x0,16,9,70,14,0,0x11,75,CRank,0x95,0x0,NoEffect,1,0x0,0x0,0x0
0x96 Angelic Holy,AngelicHoly_Name,AngelicHoly_Desc,0x0,0x96,LightID,IsWeapon|IsMagic,0x0,0x0,12,9,60,12,0,0x12,50,BRank,0x96,0x0,NoEffect,1,0x0,0x0,0x0
0x97 Traipsation,Traipsation_Name,Traipsation_Desc,Traipsation_UseDesc,0x97,StaffID,IsStaff,0x0,0x0,4,0,0,0,0,0x11,10000,ARank,0x97,0x30,NoEffect,0,0x0,0x0,0x0
0x98 Exhilaration,Exhilaration_Name,Exhilaration_Desc,Exhilaration_UseDesc,0x98,StaffID,IsStaff,0x0,0x0,4,0,0,0,0,0x11,0,ARank,0x98,0x31,NoEffect,0,0x0,0x0,0x0
0x99 Debilitation,Debilitation_Name,Debilitation_Desc,Debilitation_UseDesc,0x99,StaffID,IsStaff,0x0,0x0,4,0,0,0,0,0x11,0,CRank,0x99,0x32,NoEffect,0,0x0,0x0,0x0
1G,0x3f9,0x4a1,0x4da,0x9a,ItemID,0x0,0x0,0x0,1,0,0,0,0,0x11,1,NoRank,0x9a,0x0,NoEffect,0,0x0,0x0,0x0
5G,0x3fa,0x4a1,0x4da,0x9b,ItemID,0x0,0x0,0x0,1,0,0,0,0,0x11,5,NoRank,0x9b,0x0,NoEffect,0,0x0,0x0,0x0
10G,0x3fb,0x4a1,0x4da,0x9c,ItemID,0x0,0x0,0x0,1,0,0,0,0,0x11,10,NoRank,0x9c,0x0,NoEffect,0,0x0,0x0,0x0
50G,0x3fc,0x4a1,0x4da,0x9d,ItemID,0x0,0x0,0x0,1,0,0,0,0,0x11,50,NoRank,0x9d,0x0,NoEffect,0,0x0,0x0,0x0
100G,0x3fd,0x4a1,0x4da,0x9e,ItemID,0x0,0x0,0x0,1,0,0,0,0,0x11,100,NoRank,0x9e,0x0,NoEffect,0,0x0,0x0,0x0
3000G,0x400,0x4a1,0x4da,0x9f,ItemID,0x0,0x0,0x0,1,0,0,0,0,0x11,3000,NoRank,0x9f,0x0,NoEffect,0,0x0,0x0,0x0
5000G,0x401,0x4a1,0x4da,0xa0,ItemID,0x0,0x0,0x0,1,0,0,0,0,0x11,5000,NoRank,0xa0,0x0,NoEffect,0,0x0,0x0,0x0
Wind Sword,0x368,0x418,0x0,0xa1,SwordID,IsWeapon|MagicDamage,0x0,0x0,40,9,70,9,0,0x12,200,BRank,0xa1,0x0,NoEffect,1,0x0,0x0,0x0
Vulnerary,0x3e5,0x494,0x4d2,0xa2,ItemID,0x0,0x0,0x0,60,0,0,0,0,0x11,100,NoRank,0xa2,0x33,NoEffect,0,0x0,0x0,0x0
Vulnerary (green note),0x3e5,0x494,0x4d2,0xa3,ItemID,0x0,0x0,0x0,60,0,0,0,0,0x11,100,NoRank,0xa3,0x34,NoEffect,0,0x0,0x0,0x0
Vulnerary (red note),0x3e5,0x494,0x4d2,0xa4,ItemID,0x0,0x0,0x0,60,0,0,0,0,0x11,100,NoRank,0xa4,0x35,NoEffect,0,0x0,0x0,0x0
Dance,0x3d2,0x481,0x4bf,0xa5,RingID,0x0,0x0,0x0,0,0,0,0,0,0x11,0,NoRank,0xa5,0x0,NoEffect,0,0x0,0x0,0x0
Nightmare,0x39c,0x44c,0x0,0xa6,StaffID,IsStaff,0x0,0x0,1,0,70,8,0,0x13,0,NoRank,0xa6,0x35,NoEffect,0,0x0,"ItemStatus(SleepStatusID,5)",0x0
Demon Stone (DUMMY),0x399,0x449,0x4ae,0xa7,MonsterID,IsWeapon|Indestructible|MonsterWeapon,0x0,0x0,0,10,65,0,0,0x11,0,NoRank,0xa7,0x0,NoEffect,0,0x0,0x0,0x0
Demon Light,0x39a,0x44a,0x0,0xa8,MonsterID,IsWeapon|Indestructible|MonsterWeapon,0x0,0x0,0,15,60,0,0,0x13,0,NoRank,0xa8,0x0,NoEffect,0,0x0,0x0,0x0
Ravager,0x39b,0x44b,0x0,0xa9,MonsterID,IsWeapon|Indestructible|MonsterWeapon,0x0,0x0,0,15,85,0,10,0x11,0,NoRank,0xa9,0x0,NoEffect,0,0x0,0x0,0x0
Dragonstone,0x398,0x448,0x4ad,0xaa,MonsterID,IsWeapon|IsMagic|Indestructible|MonsterWeapon,0x0,0x0,50,16,100,0,15,0x11,0,NoRank,0xaa,0x0,NoEffect,0,0x0,0x0,0x0
Demon Surge,0x3c0,0x46f,0x0,0xab,DarkID,IsWeapon|IsMagic|Unsellable,0x0,0x0,0,11,80,10,0,0x12,0,NoRank,0xab,0x0,NoEffect,0,0x0,0x0,0x0
Shadowshot,0x3c1,0x470,0x0,0xac,DarkID,IsWeapon|IsMagic|Uncounterable,0x0,0x0,5,13,70,20,5,0x3a,0,NoRank,0xac,0x0,NoEffect,0,0x0,0x0,0x0
0xAD Prosaic Life,ProsaicLife_Name,LifeMagic_Desc,0x0,0xad,LightID,IsWeapon|IsMagic,0x0,0x0,20,7,80,8,0,0x11,0,CRank,0xad,0x0,NoEffect,0,0x0,0x0,0x0
0xAE Benefic Life,BeneficLife_Name,LifeMagic_Desc,0x0,0xae,LightID,IsWeapon|IsMagic,0x0,0x0,16,12,75,10,0,0x11,0,BRank,0xae,0x0,NoEffect,0,0x0,0x0,0x0
0xAF Angelic Life,AngelicLife_Name,LifeMagic_Desc,0x0,0xaf,LightID,IsWeapon|IsMagic,0x0,0x0,12,6,65,10,0,0x11,0,ARank,0xaf,0x0,NoEffect,0,0x0,0x0,0x0
0xB0 Basic Flux,BasicFlux_Name,ClassicMagic_Desc,0x0,0xb0,DarkID,IsWeapon|IsMagic,0x0,0x0,20,10,60,12,0,0x11,0,DRank,0xb0,0x0,NoEffect,0,0x0,0x0,0x0
0xB1 Malefic Flux,MaleficFlux_Name,MysticMagic_Desc,0x0,0xb1,DarkID,IsWeapon|IsMagic,0x0,0x0,16,5,90,5,0,0x11,0,CRank,0xb1,0x0,NoEffect,0,0x0,0x0,0x0
0xB2 Demonic Flux,DemonicFlux_Name,OrphicMagic_Desc,0x0,0xb2,DarkID,IsWeapon|IsMagic,0x0,0x0,12,13,80,8,0,0x11,0,BRank,0xb2,0x0,NoEffect,0,0x0,0x0,0x0
0xB3 Basic Ruin,BasicRuin_Name,KillerWeapon_Desc,0x0,0xb3,DarkID,IsWeapon|IsMagic,0x0,0x0,20,7,85,6,0,0x12,0,CRank,0xb3,0x0,NoEffect,0,0x0,0x0,0x0
0xB4 Malefic Ruin,MaleficRuin_Name,KillerWeapon_Desc,0x0,0xb4,DarkID,IsWeapon|IsMagic,0x0,0x0,16,14,70,13,5,0x12,0,BRank,0xb4,0x0,NoEffect,0,0x0,0x0,0x0
Stone,0x3bd,0x46c,0x0,0xb5,DarkID,IsWeapon|IsMagic,0x0,0x0,5,0,65,8,0,0x13,0,ARank,0xb5,0x0,NoEffect,5,0x0,0x0,0x0
0xB5 Demonic Ruin,DemonicRuin_Name,KillerWeapon_Desc,0x0,0xb6,DarkID,IsWeapon|IsMagic,0x0,0x0,12,8,85,2,0,0x12,55,ARank,0xb6,0x0,NoEffect,1,0x0,0x0,0x0
Juna Fruit,0x402,0x4aa,0x4e3,0xb7,ItemID,0x0,0x0,0x0,1,0,0,0,0,0x11,0,NoRank,0xb7,0x36,NoEffect,0,0x0,0x0,0x0
150G,0x3fe,0x4a1,0x4da,0xb8,ItemID,0x0,0x0,0x0,1,0,0,0,0,0x11,150,NoRank,0xb8,0x0,NoEffect,0,0x0,0x0,0x0
200G,0x3ff,0x4a1,0x4da,0xb9,ItemID,0x0,0x0,0x0,1,0,0,0,0,0x11,200,NoRank,0xb9,0x0,NoEffect,0,0x0,0x0,0x0
Black Gem,0x3ee,0x49d,0x0,0xba,ItemID,0x0,0x0,0x0,1,0,0,0,0,0x11,30000,NoRank,0xba,0x0,NoEffect,0,0x0,0x0,0x0
Gold Gem,0x3ed,0x49c,0x0,0xbb,ItemID,0x0,0x0,0x0,1,0,0,0,0,0x11,40000,NoRank,0xbb,0x0,NoEffect,0,0x0,0x0,0x0
Skill Scroll,0xFFFF,0xFFFF,SkillScrollDesc,0xbc,ItemID,0x0,0x0,0x0,1,0,0,0,0,0x11,10000,NoRank,0xbc,0x38,NoEffect,0,0x0,0x0,0x0
0xBD Basic Acid,BasicAcid_Name,AcidMagic_Desc,0x0,0xbd,DarkID,IsWeapon|IsMagic,0x0,0x0,20,0,0,0,0,0x11,0,DRank,0xbd,0x0,NoEffect,1,0x0,0x0,0x0
0xBE Malefic Acid,MaleficAcid_Name,AcidMagic_Desc,0x0,0xbe,DarkID,IsWeapon|IsMagic,0x0,0x0,16,11,80,10,0,0x12,0,CRank,0xbe,0x0,NoEffect,1,0x0,0x0,0x0
0xBF Demonic Acid,DemonicAcid_Name,AcidMagic_Desc,0x0,0xbf,DarkID,IsWeapon|IsMagic,0x0,0x0,12,11,80,10,0,0x12,0,BRank,0xbf,0x0,NoEffect,1,0x0,0x0,0x0
0xC0 Basic Mire,BasicMire_Name,MireMagic_Desc,0x0,0xc0,DarkID,IsWeapon|IsMagic,0x0,0x0,20,0,0,0,0,0x11,0,CRank,0xc0,0x0,NoEffect,1,0x0,0x0,0x0
0xC1 Malefic Mire,MaleficMire_Name,MireMagic_Desc,0x0,0xc1,DarkID,IsWeapon|IsMagic,0x0,0x0,16,0,0,0,0,0x11,0,BRank,0xc1,0x0,NoEffect,1,0x0,0x0,0x0
0xC2 Demonic Mire,DemonicMire_Name,MireMagic_Desc,0x0,0xc2,DarkID,IsWeapon|IsMagic,0x0,0x0,12,0,0,0,0,0x11,0,ARank,0xc2,0x0,NoEffect,1,0x0,0x0,0x0
0xC3 Basic Null,BasicNull_Name,NullMagic_Desc,0x0,0xc3,DarkID,IsWeapon|NegateDef,0x0,0x0,20,0,0,0,0,0x11,0,DRank,0xc3,0x0,NoEffect,1,0x0,0x0,0x0
0xC4 Malefic Null,MaleficNull_Name,NullMagic_Desc,0x0,0xc4,DarkID,IsWeapon|NegateDef,0x0,0x0,16,11,80,10,0,0x11,0,CRank,0xc4,0x0,NoEffect,1,0x0,0x0,0x0
0xC5 Demonic Null,DemonicNull_Name,NullMagic_Desc,0x0,0xc5,DarkID,IsWeapon|NegateDef,0x0,0x0,12,11,80,10,0,0x11,0,BRank,0xc5,0x0,NoEffect,1,0x0,0x0,0x0
0xC6 Basic Void,BasicVoid_Name,ReaverWeapon_Desc,0x0,0xc6,DarkID,IsWeapon|ReverseTriangle,0x0,0x0,20,0,0,0,0,0x11,0,CRank,0xc6,0x0,NoEffect,1,0x0,0x0,0x0
0xC7 Malefic Void,MaleficVoid_Name,ReaverWeapon_Desc,0x0,0xc7,DarkID,IsWeapon|ReverseTriangle,0x0,0x0,16,11,80,10,0,0x11,0,BRank,0xc7,0x0,NoEffect,1,0x0,0x0,0x0
0xC8 Demonic Void,DemonicVoid_Name,ReaverWeapon_Desc,0x0,0xc8,DarkID,IsWeapon|ReverseTriangle,0x0,0x0,12,0,0,0,0,0x11,0,ARank,0xc8,0x0,NoEffect,1,0x0,0x0,0x0
0xC9 Trismegistos,Trismegistos_Name,Trismegistos_Desc,0x0,0xc9,AnimaID,IsWeapon|IsMagic,0x0,0x0,4,11,80,10,0,0x12,0,NoRank,0xc9,0x0,NoEffect,1,0x0,0x0,0x0
0xca,0x403,0x4ab,0x0,0xca,DarkID,IsWeapon|IsMagic,0x0,0x0,0,0,0,0,0,0x12,0,NoRank,0xca,0x0,NoEffect,1,0x0,0x0,0x0
0xcb,0x403,0x4ab,0x0,0xcb,DarkID,IsWeapon|IsMagic,0x0,0x0,0,0,0,0,0,0x12,0,NoRank,0xcb,0x0,NoEffect,1,0x0,0x0,0x0
0xcc,0x403,0x4ab,0x0,0xcc,ItemID,0x0,0x0,0x0,1,0,0,0,0,0x11,0,NoRank,0xcc,0x0,NoEffect,0,0x0,0x0,0x0
0xcd,0x403,0x4ab,0x0,0xcd,RingID,0x0,0x0,0x0,0,0,0,0,0,0x12,0,NoRank,0xcd,0x0,NoEffect,1,0x0,0x0,0x0
