0x807110,Name,Description,ID,Default Class Promoted From/To,Standing Map Anims,Move Speed,Generic Mug,N/A,HP,Str,Dex,Spd,Def,Res,Bld,Mov,HP Cap,Atk Cap,Skl Cap,Spd Cap,Def Cap,Res Cap,Con Cap,Class Relative Power,HP Growth,Atk Growth,Skl Growth,Spd Growth,Def Growth,Res Growth,Luck Growth,HP Promo Gain,Atk Promo Gain,Skl Promo Gain,Spd Promo Gain,Def Promo Gain,Res Promo Gain,CharClassAbility,Sword,Lance,Axe,Bow,Staff,Anima,Light,Dark,Battle Anims,Move Costs,Rain Move Costs,Snow Move Costs,Avo Bonus,Def Bonus,Res Bonus,Class Type
None,0x0,0x0,0x0,0x0,0x0,0x0,0x0,0x0,0,0,0,0,0,0,0,0,0,0,0,0,0,0,0,0,0,0,0,0,0,37,0,37,0,0,65,0,0,0x1000002,NoRank,NoRank,NoRank,NoRank,NoRank,NoRank,NoRank,NoRank,0x1f,0x0,0x231e143c,0x190f0f,0x0,0x0,0x0,0x0
0x01 Myrmidon,Default_Name,Default_Desc,0x1,0x0,0x1,0x0,0x1+0x200,0x1,18,6,6,7,6,0,7,6,60,30,30,30,30,30,15,3,90,45,40,45,15,15,40,0,0,0,0,0,0,0x0,NoRank,NoRank,NoRank,NoRank,NoRank,NoRank,NoRank,NoRank,0x0,UnpromotedInfantryCost,UnpromotedInfantryCost,UnpromotedInfantryCost,GroundTerrainAvo,GroundTerrainDef,GroundTerrainRes,0x0
0x02 Swordmaster,Secretary_Name,Secretary_Desc,0x2,0x0,0x2,0x0,0x2+0x200,0x1,16,4,8,9,3,1,9,6,60,30,30,30,30,30,15,3,90,45,40,45,15,20,40,0,0,0,0,0,0,0x0,NoRank,NoRank,NoRank,NoRank,NoRank,NoRank,NoRank,NoRank,0x0,PromotedInfantryCost,PromotedInfantryCost,PromotedInfantryCost,GroundTerrainAvo,GroundTerrainDef,GroundTerrainRes,0x0
0x03 Mercenary (M),Default_Name,Default_Desc,0x3,0x0,0x3,0x0,0x3+0x200,0x2,18,3,3,4,5,0,8,6,60,30,30,30,30,30,15,3,90,45,40,45,15,15,40,4,2,3,2,2,5,0x0,NoRank,NoRank,NoRank,NoRank,NoRank,NoRank,NoRank,NoRank,0x0,UnpromotedInfantryCost,UnpromotedInfantryCost,UnpromotedInfantryCost,GroundTerrainAvo,GroundTerrainDef,GroundTerrainRes,0x0
0x04 Mercenary (F),Default_Name,Default_Desc,0x4,0x0,0x4,0x0,0x4+0x200,0x2,18,3,3,4,5,0,8,6,60,30,30,30,30,30,15,3,90,45,40,45,15,20,40,4,2,2,1,3,5,0x0,NoRank,NoRank,NoRank,NoRank,NoRank,NoRank,NoRank,NoRank,0x0,UnpromotedInfantryCost,UnpromotedInfantryCost,UnpromotedInfantryCost,GroundTerrainAvo,GroundTerrainDef,GroundTerrainRes,0x0
0x05 Hero (M),Default_Name,Default_Desc,0x5,0x0,0x5,0x0,0x5+0x200,0x20,20,5,2,5,6,0,10,6,60,30,30,30,30,30,15,3,75,35,40,28,15,15,30,0,0,0,0,0,0,0x0,NoRank,NoRank,NoRank,NoRank,NoRank,NoRank,NoRank,NoRank,0x0,PromotedInfantryCost,PromotedInfantryCost,PromotedInfantryCost,GroundTerrainAvo,GroundTerrainDef,GroundTerrainRes,0x0
0x06 Hero (F),Default_Name,Default_Desc,0x6,0x0,0x6,0x0,0x6+0x200,0x20,18,5,3,3,6,0,10,6,60,30,30,30,30,30,15,3,75,35,40,28,15,15,30,1,0,2,2,0,2,0x0,NoRank,NoRank,NoRank,NoRank,NoRank,NoRank,NoRank,NoRank,0x0,PromotedInfantryCost,PromotedInfantryCost,PromotedInfantryCost,GroundTerrainAvo,GroundTerrainDef,GroundTerrainRes,0x0
0x07 Soldier,Default_Name,Default_Desc,0x7,0x0,0x7,0x0,0x7+0x200,0x21,23,7,4,7,8,3,8,6,60,30,30,30,30,30,15,3,70,25,30,18,12,20,25,2,1,1,1,2,1,0x0,NoRank,NoRank,NoRank,NoRank,NoRank,NoRank,NoRank,NoRank,0x0,UnpromotedInfantryCost,UnpromotedInfantryCost,UnpromotedInfantryCost,GroundTerrainAvo,GroundTerrainDef,GroundTerrainRes,0x0
0x08 Halberdier,Guardsman_Name,Guardsman_Desc,0x8,0x0,0x8,0x0,0x8+0x200,0x21,23,6,6,11,7,6,10,6,60,30,30,30,30,30,15,3,70,25,35,25,12,25,25,1,1,1,2,1,2,0x0,NoRank,NoRank,NoRank,NoRank,NoRank,NoRank,NoRank,NoRank,0x0,PromotedInfantryCost,PromotedInfantryCost,PromotedInfantryCost,GroundTerrainAvo,GroundTerrainDef,GroundTerrainRes,0x0
0x09 Pirate,Default_Name,Default_Desc,0x9,0x0,0x9,0x0,0x9+0x200,0xc,17,5,2,0,9,0,11,6,60,30,30,30,30,30,15,3,80,40,30,15,28,20,25,0,0,0,0,0,0,0x0,NoRank,NoRank,NoRank,NoRank,NoRank,NoRank,NoRank,NoRank,0x0,AxemanCost,AxemanCost,AxemanCost,GroundTerrainAvo,GroundTerrainDef,GroundTerrainRes,0x0
0x0A Berserker,Default_Name,Default_Desc,0xa,0x0,0xa,0x0,0xa+0x200,0xc,16,4,3,1,8,1,13,6,60,30,30,30,30,30,15,3,80,40,30,15,28,20,25,2,1,1,1,2,0,0x0,NoRank,NoRank,NoRank,NoRank,NoRank,NoRank,NoRank,NoRank,0x0,AxemanCost,AxemanCost,AxemanCost,GroundTerrainAvo,GroundTerrainDef,GroundTerrainRes,0x0
0x0B Fighter,Default_Name,Default_Desc,0xb,0x0,0xb,0x0,0xb+0x200,0xd,21,8,4,3,13,3,12,6,60,30,30,30,30,30,15,3,75,30,20,10,23,25,20,4,2,2,3,2,3,0x0,NoRank,NoRank,NoRank,NoRank,NoRank,NoRank,NoRank,NoRank,0x0,ArmorCost,ArmorCost,ArmorCost,GroundTerrainAvo,GroundTerrainDef,GroundTerrainRes,0x0
0x0C Warrior,Default_Name,Default_Desc,0xc,0x0,0xc,0x0,0xc+0x200,0xd,20,8,5,5,11,4,14,6,60,30,30,30,30,30,15,3,75,30,25,10,23,25,20,3,2,3,2,3,3,0x0,NoRank,NoRank,NoRank,NoRank,NoRank,NoRank,NoRank,NoRank,0x0,ArmorCost,ArmorCost,ArmorCost,GroundTerrainAvo,GroundTerrainDef,GroundTerrainRes,0x0
0x0D Archer (M),Default_Name,Default_Desc,0xd,0x0,0xd,0x0,0xd+0x200,0x7,16,3,1,9,2,0,7,6,60,30,30,30,30,30,15,2,50,5,45,40,5,20,40,0,0,0,0,0,0,0x0,NoRank,NoRank,NoRank,NoRank,NoRank,NoRank,NoRank,NoRank,0x0,UnpromotedInfantryCost,UnpromotedInfantryCost,UnpromotedInfantryCost,GroundTerrainAvo,GroundTerrainDef,GroundTerrainRes,0x0
0x0E Archer (F),Default_Name,Default_Desc,0xe,0x0,0xe,0x0,0xe+0x200,0x1f,12,0,0,2,2,2,7,6,60,30,30,30,30,30,15,2,95,40,30,20,0,10,25,0,0,0,0,0,0,0x0,NoRank,NoRank,NoRank,NoRank,NoRank,NoRank,NoRank,NoRank,0x0,UnpromotedInfantryCost,UnpromotedInfantryCost,UnpromotedInfantryCost,GroundTerrainAvo,GroundTerrainDef,GroundTerrainRes,0x0
0x0F Sniper (M),Default_Name,Default_Desc,0xf,0x0,0xf,0x0,0xf+0x200,0x3,18,4,8,8,4,0,9,6,60,30,30,30,30,30,15,3,80,40,40,32,18,20,30,0,0,0,0,0,0,0x0,NoRank,NoRank,NoRank,NoRank,NoRank,NoRank,NoRank,NoRank,0x0,PromotedInfantryCost,PromotedInfantryCost,PromotedInfantryCost,GroundTerrainAvo,GroundTerrainDef,GroundTerrainRes,0x0
0x10 Sniper (F),Default_Name,Default_Desc,0x10,0x0,0x10,0x0,0x10+0x200,0x3,16,3,5,6,2,0,9,6,60,30,30,30,30,30,15,3,80,40,40,32,18,30,30,0,0,0,0,0,0,0x0,NoRank,NoRank,NoRank,NoRank,NoRank,NoRank,NoRank,NoRank,0x0,PromotedInfantryCost,PromotedInfantryCost,PromotedInfantryCost,GroundTerrainAvo,GroundTerrainDef,GroundTerrainRes,0x0
0x11 Thief,Default_Name,Default_Desc,0x11,0x0,0x11,0x0,0x11+0x200,0x4,22,6,9,10,8,2,7,6,60,30,30,30,30,30,15,3,75,30,30,20,20,20,25,4,1,2,2,2,2,0x0,NoRank,NoRank,NoRank,NoRank,NoRank,NoRank,NoRank,NoRank,0x0,SneakyInfantryCost,SneakyInfantryCost,SneakyInfantryCost,GroundTerrainAvo,GroundTerrainDef,GroundTerrainRes,0x0
0x12 Rogue,Default_Name,Default_Desc,0x12,0x0,0x12,0x0,0x12+0x200,0x4,22,6,10,11,6,3,9,6,60,30,30,30,30,30,15,3,75,30,30,20,20,20,25,0,0,0,0,0,0,0x0,NoRank,NoRank,NoRank,NoRank,NoRank,NoRank,NoRank,NoRank,0x0,SneakyInfantryCost,SneakyInfantryCost,SneakyInfantryCost,GroundTerrainAvo,GroundTerrainDef,GroundTerrainRes,0x0
0x13 Knight,Default_Name,Default_Desc,0x13,0x0,0x13,0x1,0x13+0x200,0x5,16,4,9,9,2,0,13,5,60,30,30,30,30,30,15,3,70,35,40,40,15,20,30,0,0,0,0,0,0,0x0,NoRank,NoRank,NoRank,NoRank,NoRank,NoRank,NoRank,NoRank,0x0,ArmorCost,ArmorCost,ArmorCost,GroundTerrainAvo,GroundTerrainDef,GroundTerrainRes,0x0
0x14 General,Default_Name,Default_Desc,0x14,0x0,0x14,0x1,0x14+0x200,0x5,15,3,9,10,1,1,15,5,60,30,30,30,30,30,15,3,70,35,40,40,15,20,30,0,0,0,0,0,0,0x0,NoRank,NoRank,NoRank,NoRank,NoRank,NoRank,NoRank,NoRank,0x0,ArmorCost,ArmorCost,ArmorCost,GroundTerrainAvo,GroundTerrainDef,GroundTerrainRes,0x0
0x15 Juggernaut,Default_Name,Default_Desc,0x15,0x0,0x15,0x1,0x15+0x200,0x6,21,6,11,10,5,2,15,5,60,30,30,30,30,30,15,3,65,25,30,30,15,22,25,5,2,0,0,2,1,0x0,NoRank,NoRank,NoRank,NoRank,NoRank,NoRank,NoRank,NoRank,0x0,ArmorCost,ArmorCost,ArmorCost,GroundTerrainAvo,GroundTerrainDef,GroundTerrainRes,0x0
0x16 Sage (M),Default_Name,Default_Desc,0x16,0x0,0x16,0x0,0x16+0x200,0x6,19,6,11,12,4,3,9,6,60,30,30,30,30,30,15,3,65,25,30,30,15,22,25,4,2,1,0,2,1,0x0,NoRank,NoRank,NoRank,NoRank,NoRank,NoRank,NoRank,NoRank,0x0,ArmorCost,ArmorCost,ArmorCost,GroundTerrainAvo,GroundTerrainDef,GroundTerrainRes,0x0
0x17 Mage,Default_Name,Default_Desc,0x17,0x0,0x17,0x0,0x17+0x200,0x8,16,3,1,9,2,0,7,6,60,30,30,30,30,30,15,3,50,5,45,40,5,20,40,3,1,0,0,2,2,0x0,NoRank,NoRank,NoRank,NoRank,NoRank,NoRank,NoRank,NoRank,0x0,MagicCost,MagicCost,MagicCost,GroundTerrainAvo,GroundTerrainDef,GroundTerrainRes,0x0
0x18 Sage (F),Accountant_Name,Accountant_Desc,0x18,0x0,0x18,0x0,0x18+0x200,0x8,16,3,1,9,2,0,9,6,60,30,30,30,30,30,15,3,50,5,45,40,5,20,40,2,1,1,1,2,1,0x0,NoRank,NoRank,NoRank,NoRank,NoRank,NoRank,NoRank,NoRank,0x0,MagicCost,MagicCost,MagicCost,GroundTerrainAvo,GroundTerrainDef,GroundTerrainRes,0x0
0x19 Monk,Default_Name,Default_Desc,0x19,0x0,0x19,0x0,0x19+0x200,0xa,18,4,3,3,3,0,7,6,60,30,30,30,30,30,15,3,70,35,40,32,15,15,35,0,0,0,0,0,0,0x0,NoRank,NoRank,NoRank,NoRank,NoRank,NoRank,NoRank,NoRank,0x0,MagicCost,MagicCost,MagicCost,GroundTerrainAvo,GroundTerrainDef,GroundTerrainRes,0x0
0x1A Sibyl,Default_Name,Default_Desc,0x1a,0x0,0x1a,0x0,0x1a+0x200,0xa,17,3,3,4,3,0,9,6,60,30,30,30,30,30,15,3,70,35,40,32,15,20,35,0,0,0,0,0,0,0x0,NoRank,NoRank,NoRank,NoRank,NoRank,NoRank,NoRank,NoRank,0x0,MagicCost,MagicCost,MagicCost,GroundTerrainAvo,GroundTerrainDef,GroundTerrainRes,0x0
0x1B Shaman (M),Default_Name,Default_Desc,0x1b,0x0,0x1b,0x0,0x1b+0x200,0xb,21,7,6,5,5,2,8,6,60,30,30,30,30,30,15,3,65,30,30,20,15,20,30,3,1,2,2,2,3,0x0,NoRank,NoRank,NoRank,NoRank,NoRank,NoRank,NoRank,NoRank,0x0,MagicCost,MagicCost,MagicCost,GroundTerrainAvo,GroundTerrainDef,GroundTerrainRes,0x0
0x1C Shaman (F),Default_Name,Default_Desc,0x1c,0x0,0x1c,0x0,0x1c+0x200,0xb,19,6,6,7,5,3,8,6,60,30,30,30,30,30,15,3,65,30,30,20,15,25,30,4,3,1,1,2,2,0x0,NoRank,NoRank,NoRank,NoRank,NoRank,NoRank,NoRank,NoRank,0x0,MagicCost,MagicCost,MagicCost,GroundTerrainAvo,GroundTerrainDef,GroundTerrainRes,0x0
0x1D Druid (M),Default_Name,Default_Desc,0x1d,0x0,0x1d,0x0,0x1d+0x200,0xc,21,7,6,7,6,3,10,6,60,30,30,30,30,30,15,3,60,25,30,35,15,15,25,3,2,1,1,3,3,0x0,NoRank,NoRank,NoRank,NoRank,NoRank,NoRank,NoRank,NoRank,0x0,MagicCost,MagicCost,MagicCost,GroundTerrainAvo,GroundTerrainDef,GroundTerrainRes,0x0
0x1E Druid (F),Default_Name,Default_Desc,0x1e,0x0,0x1e,0x0,0x1e+0x200,0xc,21,6,6,7,5,4,10,6,60,30,30,30,30,30,15,3,60,25,30,35,15,20,25,2,2,2,1,3,3,0x0,NoRank,NoRank,NoRank,NoRank,NoRank,NoRank,NoRank,NoRank,0x0,MagicCost,MagicCost,MagicCost,GroundTerrainAvo,GroundTerrainDef,GroundTerrainRes,0x0
0x1F Blademaiden,Default_Name,Default_Desc,0x1f,0x0,0x1f,0x0,0x1f+0x200,0xd,20,7,3,5,8,0,10,6,60,30,30,30,30,30,15,3,80,45,35,30,25,15,25,0,0,0,0,0,0,0x0,NoRank,NoRank,NoRank,NoRank,NoRank,NoRank,NoRank,NoRank,0x0,PromotedInfantryCost,PromotedInfantryCost,PromotedInfantryCost,GroundTerrainAvo,GroundTerrainDef,GroundTerrainRes,0x0
0x20 Priest,Default_Name,Default_Desc,0x20,0x0,0x20,0x0,0x20+0x200,0xd,19,6,5,5,7,0,7,6,60,30,30,30,30,30,15,3,80,45,35,30,25,17,25,0,0,0,0,0,0,0x0,NoRank,NoRank,NoRank,NoRank,NoRank,NoRank,NoRank,NoRank,0x0,MagicCost,MagicCost,MagicCost,GroundTerrainAvo,GroundTerrainDef,GroundTerrainRes,0x0
0x21 War Monk,Default_Name,Default_Desc,0x21,0x0,0x21,0x0,0x21+0x200,0xe,25,9,5,7,10,1,11,6,60,30,30,30,30,30,15,3,75,40,30,20,20,17,20,4,2,2,0,2,0,0x0,NoRank,NoRank,NoRank,NoRank,NoRank,NoRank,NoRank,NoRank,0x0,MagicCost,MagicCost,MagicCost,FlyingTerrainAvo,FlyingTerrainDef,FlyingTerrainRes,0x0
0x22 Bishop,Default_Name,Default_Desc,0x22,0x0,0x22,0x0,0x22+0x200,0xe,24,8,7,7,9,2,9,6,60,30,30,30,30,30,15,3,75,40,30,20,20,17,20,0,0,0,0,0,0,0x0,NoRank,NoRank,NoRank,NoRank,NoRank,NoRank,NoRank,NoRank,0x0,MagicCost,MagicCost,MagicCost,FlyingTerrainAvo,FlyingTerrainDef,FlyingTerrainRes,0x0
0x23 Cavalier (M),Default_Name,Default_Desc,0x23,0x0,0x23,0x0,0x23+0x200,0xf,20,7,7,8,7,1,11,8,60,30,30,30,30,30,15,3,65,35,30,30,15,17,25,3,1,2,3,0,1,MountedAid|HorseIcon,NoRank,NoRank,NoRank,NoRank,NoRank,NoRank,NoRank,NoRank,0x0,UnpromotedCavalryCost,UnpromotedCavalryCost,UnpromotedCavalryCost,FlyingTerrainAvo,FlyingTerrainDef,FlyingTerrainRes,0x0
0x24 Cavalier (F),Default_Name,Default_Desc,0x24,0x0,0x24,0x0,0x24+0x200,0xf,19,6,8,9,6,2,11,8,60,30,30,30,30,30,15,3,65,35,30,30,15,20,25,3,2,1,2,1,1,MountedAid|HorseIcon,NoRank,NoRank,NoRank,NoRank,NoRank,NoRank,NoRank,NoRank,0x0,UnpromotedCavalryCost,UnpromotedCavalryCost,UnpromotedCavalryCost,FlyingTerrainAvo,FlyingTerrainDef,FlyingTerrainRes,0x0
0x25 Paladin (M),Default_Name,Default_Desc,0x25,0x0,0x25,0x0,0x25+0x200,0x12,16,1,2,3,3,3,13,8,60,30,30,30,30,30,15,3,55,55,40,35,5,30,20,1,0,1,2,1,2,MountedAid|HorseIcon,NoRank,NoRank,NoRank,NoRank,NoRank,NoRank,NoRank,NoRank,0x0,PromotedCavalryCost,PromotedCavalryCost,PromotedCavalryCost,GroundTerrainAvo,GroundTerrainDef,GroundTerrainRes,0x0
0x26 Paladin (F),Default_Name,Default_Desc,0x26,0x0,0x26,0x0,0x26+0x200,0x12,16,1,3,2,2,4,13,8,60,30,30,30,30,30,15,3,55,55,40,35,5,40,20,0,0,0,0,0,0,MountedAid|HorseIcon,NoRank,NoRank,NoRank,NoRank,NoRank,NoRank,NoRank,NoRank,0x0,PromotedCavalryCost,PromotedCavalryCost,PromotedCavalryCost,GroundTerrainAvo,GroundTerrainDef,GroundTerrainRes,0x0
0x27 Great Knight,Default_Name,Default_Desc,0x27,0x0,0x27,0x1,0x27+0x200,0x13,20,5,4,4,5,5,14,8,60,30,30,30,30,30,15,3,45,45,30,25,10,40,15,4,1,0,0,3,3,MountedAid|HorseIcon,NoRank,NoRank,NoRank,NoRank,NoRank,NoRank,NoRank,NoRank,0x0,PromotedCavalryCost,PromotedCavalryCost,PromotedCavalryCost,GroundTerrainAvo,GroundTerrainDef,GroundTerrainRes,0x0
0x28 Ranger,Default_Name,Default_Desc,0x28,0x0,0x28,0x0,0x28+0x200,0x13,19,4,6,5,3,6,10,8,60,30,30,30,30,30,15,3,45,45,30,25,10,40,15,3,1,1,0,3,3,MountedAid|HorseIcon,NoRank,NoRank,NoRank,NoRank,NoRank,NoRank,NoRank,NoRank,0x0,RangerCost,RangerCost,RangerCost,GroundTerrainAvo,GroundTerrainDef,GroundTerrainRes,0x0
0x29 Mage Knight,Default_Name,Default_Desc,0x29,0x0,0x29,0x0,0x29+0x200,0x14,20,4,3,5,5,5,11,8,60,30,30,30,30,30,15,3,45,40,30,40,10,40,30,4,2,0,0,2,2,MountedAid|HorseIcon,NoRank,NoRank,NoRank,NoRank,NoRank,NoRank,NoRank,NoRank,0x0,PromotedCavalryCost,PromotedCavalryCost,PromotedCavalryCost,GroundTerrainAvo,GroundTerrainDef,GroundTerrainRes,0x0
0x2A Valkyrie,Default_Name,Default_Desc,0x2a,0x0,0x2a,0x0,0x2a+0x200,0x14,19,3,5,6,3,6,10,8,60,30,30,30,30,30,15,3,45,40,30,40,10,40,40,3,2,1,0,2,2,MountedAid|HorseIcon,NoRank,NoRank,NoRank,NoRank,NoRank,NoRank,NoRank,NoRank,0x0,PromotedCavalryCost,PromotedCavalryCost,PromotedCavalryCost,GroundTerrainAvo,GroundTerrainDef,GroundTerrainRes,0x0
0x2B Pegasus Knight,Default_Name,Default_Desc,0x2b,0x0,0x2b,0x0,0x2b+0x200,0x18,21,4,4,4,3,8,9,7,60,30,30,30,30,30,15,3,45,35,25,22,8,40,40,3,2,1,0,3,2,MountedAid|PegIcon,NoRank,NoRank,NoRank,NoRank,NoRank,NoRank,NoRank,NoRank,0x0,FlyingCost,FlyingCost,FlyingCost,FlyingTerrainAvo,FlyingTerrainDef,FlyingTerrainRes,0x0
0x2C Falcoknight,Default_Name,Default_Desc,0x2c,0x0,0x2c,0x0,0x2c+0x200,0x18,19,4,5,4,2,9,11,7,60,30,30,30,30,30,15,3,45,35,25,22,8,50,40,3,1,2,1,2,2,MountedAid|PegIcon,NoRank,NoRank,NoRank,NoRank,NoRank,NoRank,NoRank,NoRank,0x0,FlyingCost,FlyingCost,FlyingCost,FlyingTerrainAvo,FlyingTerrainDef,FlyingTerrainRes,0x0
0x2D Wyvern Rider,Default_Name,Default_Desc,0x2d,0x0,0x2d,0x0,0x2d+0x200,0x1b,16,2,1,2,2,4,12,7,60,30,30,30,30,30,15,3,50,50,32,30,10,30,20,1,2,0,1,1,2,MountedAid|DragonIcon,NoRank,NoRank,NoRank,NoRank,NoRank,NoRank,NoRank,NoRank,0x0,FlyingCost,FlyingCost,FlyingCost,FlyingTerrainAvo,FlyingTerrainDef,FlyingTerrainRes,0x0
0x2E Wyvern Lord,Default_Name,Default_Desc,0x2e,0x0,0x2e,0x0,0x2e+0x200,0x1b,15,3,1,1,1,5,14,7,60,30,30,30,30,30,15,3,50,45,32,30,10,40,20,0,0,0,0,0,0,MountedAid|DragonIcon,NoRank,NoRank,NoRank,NoRank,NoRank,NoRank,NoRank,NoRank,0x0,FlyingCost,FlyingCost,FlyingCost,FlyingTerrainAvo,FlyingTerrainDef,FlyingTerrainRes,0x0
0x2F Malig Knight,Default_Name,Default_Desc,0x2f,0x0,0x2f,0x0,0x2f+0x200,0x1c,19,6,3,4,4,6,14,7,60,30,30,30,30,30,15,3,45,55,30,25,10,35,20,4,0,0,3,2,2,MountedAid|DragonIcon,NoRank,NoRank,NoRank,NoRank,NoRank,NoRank,NoRank,NoRank,0x0,FlyingCost,FlyingCost,FlyingCost,FlyingTerrainAvo,FlyingTerrainDef,FlyingTerrainRes,0x0
0x30 Bombardier,Default_Name,Default_Desc,0x30,0x0,0x30,0x0,0x30+0x200,0x1c,17,7,3,4,3,7,11,7,60,30,30,30,30,30,15,3,45,55,30,25,10,35,20,0,0,0,0,0,0,MountedAid|PegIcon,NoRank,NoRank,NoRank,NoRank,NoRank,NoRank,NoRank,NoRank,0x0,FlyingCost,FlyingCost,FlyingCost,FlyingTerrainAvo,FlyingTerrainDef,FlyingTerrainRes,0x0
0x31 Dark Knight,Default_Name,Default_Desc,0x31,0x0,0x31,0x0,0x31+0x200,0x1d,18,5,3,4,3,5,11,8,60,30,30,30,30,30,15,3,45,50,30,25,8,35,20,3,0,1,3,1,3,0x0,NoRank,NoRank,NoRank,NoRank,NoRank,NoRank,NoRank,NoRank,0x0,MagicCost,MagicCost,MagicCost,GroundTerrainAvo,GroundTerrainDef,GroundTerrainRes,0x0
0x32 Deserter,Default_Name,Default_Desc,0x32,0x0,0x32,0x0,0x32+0x200,0x1d,18,5,3,4,3,5,7,6,60,30,30,30,30,30,15,3,45,50,30,25,8,35,20,0,0,0,0,0,0,0x0,NoRank,NoRank,NoRank,NoRank,NoRank,NoRank,NoRank,NoRank,0x0,MagicCost,MagicCost,MagicCost,GroundTerrainAvo,GroundTerrainDef,GroundTerrainRes,0x0
0x33 Basara,Default_Name,Default_Desc,0x33,0x0,0x33,0x0,0x33+0x200,0x9,16,3,1,9,2,0,9,6,60,30,30,30,30,30,15,3,50,10,45,35,5,20,40,2,1,1,0,2,2,0x0,NoRank,NoRank,NoRank,NoRank,NoRank,NoRank,NoRank,NoRank,0x0,SneakyInfantryCost,SneakyInfantryCost,SneakyInfantryCost,GroundTerrainAvo,GroundTerrainDef,GroundTerrainRes,0x0
Gorgon Egg,0x300,0x34c,0x34,0x0,0x34,0x0,0x34,0x0,50,0,0,0,10,10,6,0,60,30,30,30,30,30,15,3,100,0,0,0,0,0,0,0,0,0,0,0,0,0x0,NoRank,NoRank,NoRank,NoRank,NoRank,NoRank,NoRank,NoRank,0x0,0x0,0x0,0x0,GroundTerrainAvo,GroundTerrainDef,GroundTerrainRes,0x0
Great Knight,0x2e0,0x32b,0x35,0x0,0x35,0x0,0x35,0x22,21,8,4,6,11,3,13,6,60,30,30,30,30,30,15,3,70,30,20,15,21,20,20,3,2,1,2,2,1,0x0,NoRank,NoRank,NoRank,NoRank,NoRank,NoRank,NoRank,NoRank,0x0,PromotedCavalryCost,PromotedCavalryCost,PromotedCavalryCost,GroundTerrainAvo,GroundTerrainDef,GroundTerrainRes,0x0
Great Knight (F),0x2e0,0x32b,0x36,0x0,0x36,0x0,0x36,0x22,20,6,6,7,9,3,10,6,60,30,30,30,30,30,15,3,70,30,25,20,21,22,20,3,1,1,2,2,2,0x0,NoRank,NoRank,NoRank,NoRank,NoRank,NoRank,NoRank,NoRank,0x0,PromotedCavalryCost,PromotedCavalryCost,PromotedCavalryCost,GroundTerrainAvo,GroundTerrainDef,GroundTerrainRes,0x0
Recruit (2),0x2da,0x332,0x37,0x0,0x37,0x0,0x37,0x28,18,5,3,3,6,0,6,5,60,30,30,30,30,30,15,3,75,45,40,40,25,35,40,2,1,1,1,2,1,0x0,NoRank,NoRank,NoRank,NoRank,NoRank,NoRank,NoRank,NoRank,0x0,UnpromotedInfantryCost,UnpromotedInfantryCost,UnpromotedInfantryCost,GroundTerrainAvo,GroundTerrainDef,GroundTerrainRes,0x0
Journeyman (3),0x2d8,0x324,0x38,0x0,0x38,0x0,0x38,0x27,28,8,5,6,5,0,8,6,60,30,30,30,30,30,15,3,85,55,40,32,18,20,40,4,1,2,2,2,2,0x0,NoRank,NoRank,NoRank,NoRank,NoRank,NoRank,NoRank,NoRank,0x0,AxemanCost,AxemanCost,AxemanCost,GroundTerrainAvo,GroundTerrainDef,GroundTerrainRes,0x0
Pupil (3),0x2d9,0x325,0x39,0x0,0x39,0x0,0x39,0x29,20,5,4,4,5,5,5,6,60,30,30,30,30,30,15,3,55,55,40,35,10,30,40,4,2,0,1,3,3,0x0,NoRank,NoRank,NoRank,NoRank,NoRank,NoRank,NoRank,NoRank,0x0,MagicCost,MagicCost,MagicCost,GroundTerrainAvo,GroundTerrainDef,GroundTerrainRes,0x0
Recruit (3),0x2da,0x332,0x3a,0x0,0x3a,0x0,0x3a,0x28,23,6,6,11,7,6,6,6,60,30,30,30,30,30,15,3,75,45,40,40,25,35,40,2,2,1,1,2,1,0x0,NoRank,NoRank,NoRank,NoRank,NoRank,NoRank,NoRank,NoRank,0x0,UnpromotedInfantryCost,UnpromotedInfantryCost,UnpromotedInfantryCost,GroundTerrainAvo,GroundTerrainDef,GroundTerrainRes,0x0
Manakete,0x2d7,0x323,0x3b,0x0,0x3b,0x0,0x3b,0x1f,20,0,0,2,1,1,25,3,60,30,30,30,30,30,15,3,95,40,30,20,0,10,25,0,0,0,0,0,0,0x0,NoRank,NoRank,NoRank,NoRank,NoRank,NoRank,NoRank,NoRank,0x0,FlyingCost,FlyingCost,FlyingCost,FlyingTerrainAvo,FlyingTerrainDef,FlyingTerrainRes,0x0
Manakete (F),0x2d7,0x323,0x3c,0x0,0x3c,0x0,0x3c,0x1f,12,0,0,2,2,2,5,6,60,30,30,30,30,30,15,2,95,40,30,20,0,10,25,0,0,0,0,0,0,0x0,NoRank,NoRank,NoRank,NoRank,NoRank,NoRank,NoRank,NoRank,0x0,FlyingCost,FlyingCost,FlyingCost,FlyingTerrainAvo,FlyingTerrainDef,FlyingTerrainRes,0x0
Journeyman (1),0x2d8,0x324,0x3d,0x0,0x3d,0x0,0x3d,0x27,14,3,0,1,1,0,8,4,60,30,30,30,30,30,15,1,85,55,40,32,18,20,40,0,0,0,0,0,0,0x0,NoRank,NoRank,NoRank,NoRank,NoRank,NoRank,NoRank,NoRank,0x0,AxemanCost,AxemanCost,AxemanCost,GroundTerrainAvo,GroundTerrainDef,GroundTerrainRes,0x0
Pupil (1),0x2d9,0x325,0x3e,0x0,0x3e,0x0,0x3e,0x29,13,1,0,1,0,3,5,4,60,30,30,30,30,30,15,1,55,55,40,35,10,30,40,0,0,0,0,0,0,0x0,NoRank,NoRank,NoRank,NoRank,NoRank,NoRank,NoRank,NoRank,0x0,MagicCost,MagicCost,MagicCost,GroundTerrainAvo,GroundTerrainDef,GroundTerrainRes,0x0
0x3F Jurispotence,Jurispotence_Name,Jurispotence_Desc,0x3f,0x0,0x3f,0x0,0x3f+0x200,0x23,20,5,2,4,2,0,9,6,60,30,30,30,30,30,15,3,85,55,35,30,15,15,15,2,2,1,0,0,1,0x0,NoRank,NoRank,NoRank,SRank,SRank,NoRank,NoRank,NoRank,JurispotenceAnims|IsPointer,SneakyInfantryCost,SneakyInfantryCost,SneakyInfantryCost,GroundTerrainAvo,GroundTerrainDef,GroundTerrainRes,0x0
0x40 Prosecutor,Prosecutor_Name,0x328,0x40,0x0,0x40,0x0,0x40+0x200,0x25,28,8,5,6,5,0,9,6,60,30,30,30,30,30,15,3,80,45,25,20,16,17,15,3,1,2,0,3,3,0x0,NoRank,NoRank,NoRank,NoRank,NoRank,NoRank,NoRank,NoRank,0x0,SneakyInfantryCost,SneakyInfantryCost,SneakyInfantryCost,GroundTerrainAvo,GroundTerrainDef,GroundTerrainRes,0x0
0x41 Novistador,Assassin_Name,Assassin_Desc,0x41,0x0,0x41,0x0,0x41+0x200,0x0,20,5,1,5,3,0,10,6,60,30,30,30,30,30,15,3,82,50,30,20,10,13,15,2,1,1,0,1,1,0x0,NoRank,NoRank,NoRank,NoRank,NoRank,NoRank,NoRank,NoRank,0x0,SneakyInfantryCost,SneakyInfantryCost,SneakyInfantryCost,GroundTerrainAvo,GroundTerrainDef,GroundTerrainRes,0x0
0x42 Ephemerality,Ephemerality_Name,0x33a,0x42,0x0,0x42,0x0,0x42+0x200,0x24,19,4,2,6,3,0,10,6,60,30,30,30,30,30,15,3,75,50,35,25,10,13,15,2,2,0,1,1,0,0x0,NoRank,NoRank,NoRank,NoRank,NoRank,NoRank,NoRank,NoRank,0x0,MagicCost,MagicCost,MagicCost,GroundTerrainAvo,GroundTerrainDef,GroundTerrainRes,0x0
0x43 High Gremory,HighGremory_Name,0x32a,0x43,0x0,0x43,0x0,0x43+0x200,0x26,24,7,6,7,6,0,13,6,60,30,30,30,30,30,15,3,75,50,35,25,10,13,15,4,1,1,1,2,2,0x0,NoRank,NoRank,NoRank,NoRank,NoRank,NoRank,NoRank,NoRank,0x0,MagicCost,MagicCost,MagicCost,GroundTerrainAvo,GroundTerrainDef,GroundTerrainRes,0x0
0x44 Violet Knight,VioletKnight_Name,0x32f,0x44,0x0,0x44,0x0,0x44+0x200,0x17,18,1,1,2,1,5,6,8,60,30,30,30,30,30,15,3,50,30,35,32,8,40,45,0,0,0,0,0,0,0x0,NoRank,NoRank,NoRank,NoRank,NoRank,NoRank,NoRank,NoRank,0x0,PromotedCavalryCost,PromotedCavalryCost,PromotedCavalryCost,GroundTerrainAvo,GroundTerrainDef,GroundTerrainRes,0x0
0x45 Crown Prince,CrownPrince_Name,0x330,0x45,0x0,0x45,0x0,0x45,0x15,18,1,1,2,1,5,8,6,60,30,30,30,30,30,15,2,50,30,35,32,8,50,45,0,0,0,0,0,0,0x0,NoRank,NoRank,NoRank,NoRank,NoRank,NoRank,NoRank,NoRank,0x0,MagicCost,MagicCost,MagicCost,GroundTerrainAvo,GroundTerrainDef,GroundTerrainRes,0x0
Bard,0x2e5,0x331,0x46,0x0,0x46,0x0,0x46,0x0,14,1,2,7,1,0,6,5,60,30,30,30,30,30,15,2,45,45,30,60,0,13,70,0,0,0,0,0,0,0x0,NoRank,NoRank,NoRank,NoRank,NoRank,NoRank,NoRank,NoRank,0x0,UnpromotedInfantryCost,UnpromotedInfantryCost,UnpromotedInfantryCost,GroundTerrainAvo,GroundTerrainDef,GroundTerrainRes,0x0
Recruit (1),0x2da,0x332,0x47,0x0,0x47,0x0,0x47,0x28,13,3,0,1,0,1,6,4,60,30,30,30,30,30,15,1,75,45,40,40,25,35,40,0,0,0,0,0,0,0x0,NoRank,NoRank,NoRank,NoRank,NoRank,NoRank,NoRank,NoRank,0x0,UnpromotedInfantryCost,UnpromotedInfantryCost,UnpromotedInfantryCost,GroundTerrainAvo,GroundTerrainDef,GroundTerrainRes,0x0
Pegasus Knight,0x2e7,0x333,0x48,0x0,0x48,0x0,0x48,0x10,14,4,5,5,3,2,5,7,60,30,30,30,30,30,15,3,65,35,40,40,12,35,35,0,0,0,0,0,0,0x0,NoRank,NoRank,NoRank,NoRank,NoRank,NoRank,NoRank,NoRank,0x0,FlyingCost,FlyingCost,FlyingCost,FlyingTerrainAvo,FlyingTerrainDef,FlyingTerrainRes,0x0
Falcon Knight,0x2e8,0x334,0x49,0x0,0x49,0x0,0x49,0x11,20,6,7,7,5,4,6,8,60,30,30,30,30,30,15,3,60,30,30,30,12,30,30,5,2,0,2,2,2,0x0,NoRank,NoRank,NoRank,NoRank,NoRank,NoRank,NoRank,NoRank,0x0,FlyingCost,FlyingCost,FlyingCost,FlyingTerrainAvo,FlyingTerrainDef,FlyingTerrainRes,0x0
Cleric,0x2e9,0x335,0x4a,0x0,0x4a,0x0,0x4a,0x16,16,1,2,2,0,6,4,5,60,30,30,30,30,30,15,2,50,30,35,32,8,50,45,0,0,0,0,0,0,0x0,NoRank,NoRank,NoRank,NoRank,NoRank,NoRank,NoRank,NoRank,0x0,MagicCost,MagicCost,MagicCost,GroundTerrainAvo,GroundTerrainDef,GroundTerrainRes,0x0
Troubadour,0x2ea,0x336,0x4b,0x0,0x4b,0x0,0x4b,0x19,15,1,1,3,2,5,5,6,60,30,30,30,30,30,15,2,50,25,35,55,12,40,45,0,0,0,0,0,0,0x0,NoRank,NoRank,NoRank,NoRank,NoRank,NoRank,NoRank,NoRank,0x0,UnpromotedCavalryCost,UnpromotedCavalryCost,UnpromotedCavalryCost,GroundTerrainAvo,GroundTerrainDef,GroundTerrainRes,0x0
Valkyrie,0x2eb,0x337,0x4c,0x0,0x4c,0x0,0x4c,0x1a,19,4,3,5,4,8,6,7,60,30,30,30,30,30,15,3,45,35,25,45,10,40,40,3,2,1,0,2,3,0x0,NoRank,NoRank,NoRank,NoRank,NoRank,NoRank,NoRank,NoRank,0x0,PromotedCavalryCost,PromotedCavalryCost,PromotedCavalryCost,GroundTerrainAvo,GroundTerrainDef,GroundTerrainRes,0x0
Dancer,0x2ec,0x338,0x4d,0x0,0x4d,0x0,0x4d,0x2a,14,1,2,7,0,1,4,5,60,30,30,30,30,30,15,2,45,45,30,60,0,13,70,0,0,0,0,0,0,0x0,NoRank,NoRank,NoRank,NoRank,NoRank,NoRank,NoRank,NoRank,0x0,UnpromotedInfantryCost,UnpromotedInfantryCost,UnpromotedInfantryCost,GroundTerrainAvo,GroundTerrainDef,GroundTerrainRes,0x0
Soldier,0x2ed,0x339,0x4e,0x0,0x4e,0x0,0x4e,0x0,20,3,0,1,0,0,6,5,60,30,30,30,30,30,15,2,80,50,30,20,12,15,25,0,0,0,0,0,0,0x0,NoRank,NoRank,NoRank,NoRank,NoRank,NoRank,NoRank,NoRank,0x0,UnpromotedInfantryCost,UnpromotedInfantryCost,UnpromotedInfantryCost,GroundTerrainAvo,GroundTerrainDef,GroundTerrainRes,0x0
Necromancer,0x2ef,0x33b,0x4f,0x0,0x4f,0x0,0x4f,0x2b,18,9,4,5,3,8,7,6,80,30,30,30,30,30,15,3,45,55,30,25,10,35,20,0,0,0,0,0,0,0x0,NoRank,NoRank,NoRank,NoRank,NoRank,NoRank,NoRank,NoRank,0x0,MagicCost,MagicCost,MagicCost,GroundTerrainAvo,GroundTerrainDef,GroundTerrainRes,0x0
Fleet,0x2f0,0x33c,0x50,0x0,0x50,0x0,0x50,0x0,19,1,1,2,5,0,25,3,60,30,30,30,30,30,15,3,75,35,40,32,15,15,15,0,0,0,0,0,0,0x0,NoRank,NoRank,NoRank,NoRank,NoRank,NoRank,NoRank,NoRank,0x0,PirateCost,PirateCost,PirateCost,GroundTerrainAvo,GroundTerrainDef,GroundTerrainRes,0x0
Phantom,0x2f1,0x33d,0x51,0x0,0x51,0x0,0x51,0x1e,1,5,2,4,0,0,11,5,1,30,30,30,30,30,15,3,0,55,35,45,15,15,50,0,0,0,0,0,0,0x0,NoRank,NoRank,NoRank,NoRank,NoRank,NoRank,NoRank,NoRank,0x0,FlyingCost,FlyingCost,FlyingCost,FlyingTerrainAvo,FlyingTerrainDef,FlyingTerrainRes,0x0
Revenant,0x2f2,0x33e,0x52,0x0,0x52,0x0,0x52,0x0,25,2,0,0,0,0,6,4,60,30,30,30,30,30,15,3,95,50,30,20,10,13,10,0,0,0,0,0,0,0x0,NoRank,NoRank,NoRank,NoRank,NoRank,NoRank,NoRank,NoRank,0x0,UnpromotedInfantryCost,UnpromotedInfantryCost,UnpromotedInfantryCost,GroundTerrainAvo,GroundTerrainDef,GroundTerrainRes,0x0
Entombed,0x2f3,0x33f,0x53,0x0,0x53,0x0,0x53,0x0,35,3,0,1,0,0,6,5,80,30,30,30,30,30,15,1,85,40,25,17,10,13,50,0,0,0,0,0,0,0x0,NoRank,NoRank,NoRank,NoRank,NoRank,NoRank,NoRank,NoRank,0x0,UnpromotedInfantryCost,UnpromotedInfantryCost,UnpromotedInfantryCost,GroundTerrainAvo,GroundTerrainDef,GroundTerrainRes,0x0
Bonewalker,0x2f4,0x340,0x54,0x0,0x54,0x0,0x54,0x0,20,4,2,3,3,0,7,5,60,30,30,30,30,30,15,3,80,50,30,20,12,15,10,0,0,0,0,0,0,0x0,NoRank,NoRank,NoRank,NoRank,NoRank,NoRank,NoRank,NoRank,0x0,UnpromotedInfantryCost,UnpromotedInfantryCost,UnpromotedInfantryCost,GroundTerrainAvo,GroundTerrainDef,GroundTerrainRes,0x0
Bonewalker (Bow),0x2f4,0x340,0x55,0x0,0x55,0x0,0x55,0x0,18,4,3,2,3,0,6,5,60,30,30,30,30,30,15,3,70,35,40,32,15,15,10,0,0,0,0,0,0,0x0,NoRank,NoRank,NoRank,NoRank,NoRank,NoRank,NoRank,NoRank,0x0,UnpromotedInfantryCost,UnpromotedInfantryCost,UnpromotedInfantryCost,GroundTerrainAvo,GroundTerrainDef,GroundTerrainRes,0x0
Wight,0x2f5,0x341,0x56,0x0,0x56,0x0,0x56,0x0,21,7,5,6,5,2,9,6,60,30,30,30,30,30,15,3,65,25,25,20,15,22,10,0,0,0,0,0,0,0x0,NoRank,NoRank,NoRank,NoRank,NoRank,NoRank,NoRank,NoRank,0x0,UnpromotedInfantryCost,UnpromotedInfantryCost,UnpromotedInfantryCost,GroundTerrainAvo,GroundTerrainDef,GroundTerrainRes,0x0
Wight (Bow),0x2f5,0x341,0x57,0x0,0x57,0x0,0x57,0x0,21,6,6,5,5,2,8,6,60,30,30,30,30,30,15,3,65,30,30,20,15,20,10,0,0,0,0,0,0,0x0,NoRank,NoRank,NoRank,NoRank,NoRank,NoRank,NoRank,NoRank,0x0,UnpromotedInfantryCost,UnpromotedInfantryCost,UnpromotedInfantryCost,GroundTerrainAvo,GroundTerrainDef,GroundTerrainRes,0x0
Bael,0x2f6,0x342,0x58,0x0,0x58,0x0,0x58,0x0,25,6,3,3,6,1,12,5,60,30,30,30,30,30,15,3,82,50,30,20,18,13,15,0,0,0,0,0,0,0x0,NoRank,NoRank,NoRank,NoRank,NoRank,NoRank,NoRank,NoRank,0x0,BrigandCost,BrigandCost,BrigandCost,GroundTerrainAvo,GroundTerrainDef,GroundTerrainRes,0x0
Elder Bael,0x2f7,0x343,0x59,0x0,0x59,0x0,0x59,0x0,36,8,5,5,9,4,15,6,80,30,30,30,30,30,15,3,85,45,25,20,21,17,10,0,0,0,0,0,0,0x0,NoRank,NoRank,NoRank,NoRank,NoRank,NoRank,NoRank,NoRank,0x0,BrigandCost,BrigandCost,BrigandCost,GroundTerrainAvo,GroundTerrainDef,GroundTerrainRes,0x0
Cyclops,0x2f8,0x344,0x5a,0x0,0x5a,0x0,0x5a,0x0,40,8,5,6,13,0,16,5,80,30,30,30,30,30,15,3,95,30,35,25,24,25,10,0,0,0,0,0,0,0x0,NoRank,NoRank,NoRank,NoRank,NoRank,NoRank,NoRank,NoRank,0x0,AxemanCost,AxemanCost,AxemanCost,GroundTerrainAvo,GroundTerrainDef,GroundTerrainRes,0x0
Mauthe Doog,0x2f9,0x345,0x5b,0x0,0x5b,0x0,0x5b,0x0,16,4,10,10,2,0,6,7,60,30,30,30,30,30,15,3,70,35,45,45,15,20,30,0,0,0,0,0,0,0x0,NoRank,NoRank,NoRank,NoRank,NoRank,NoRank,NoRank,NoRank,0x0,0x880bb14,0x880bb14,0x880bb14,GroundTerrainAvo,GroundTerrainDef,GroundTerrainRes,0x0
Gwyllgi,0x2fa,0x346,0x5c,0x0,0x5c,0x0,0x5c,0x0,21,6,12,12,5,2,8,8,60,30,30,30,30,30,15,3,65,28,35,35,16,22,25,0,0,0,0,0,0,0x0,NoRank,NoRank,NoRank,NoRank,NoRank,NoRank,NoRank,NoRank,0x0,RangerCost,RangerCost,RangerCost,GroundTerrainAvo,GroundTerrainDef,GroundTerrainRes,0x0
Tarvos,0x2fb,0x347,0x5d,0x0,0x5d,0x0,0x5d,0x0,21,6,2,5,7,0,10,7,60,30,30,30,30,30,15,3,80,35,40,28,15,15,10,0,0,0,0,0,0,0x0,NoRank,NoRank,NoRank,NoRank,NoRank,NoRank,NoRank,NoRank,0x0,0x880bb14,0x880bb14,0x880bb14,GroundTerrainAvo,GroundTerrainDef,GroundTerrainRes,0x0
Maelduin,0x2fc,0x348,0x5e,0x0,0x5e,0x0,0x5e,0x0,25,8,4,7,9,3,12,8,80,30,30,30,30,30,15,3,75,30,30,18,13,20,10,0,0,0,0,0,0,0x0,NoRank,NoRank,NoRank,NoRank,NoRank,NoRank,NoRank,NoRank,0x0,RangerCost,RangerCost,RangerCost,GroundTerrainAvo,GroundTerrainDef,GroundTerrainRes,0x0
Mogall,0x2fd,0x349,0x5f,0x0,0x5f,0x0,0x5f,0x0,15,2,1,2,2,4,4,5,60,30,30,30,30,30,15,3,50,45,32,30,10,28,30,0,0,0,0,0,0,0x0,NoRank,NoRank,NoRank,NoRank,NoRank,NoRank,NoRank,NoRank,0x0,FlyingCost,FlyingCost,FlyingCost,FlyingTerrainAvo,FlyingTerrainDef,FlyingTerrainRes,0x0
Arch Mogall,0x2fe,0x34a,0x60,0x0,0x60,0x0,0x60,0x0,17,6,3,3,3,7,5,6,60,30,30,30,30,30,15,3,45,55,30,25,10,28,20,0,0,0,0,0,0,0x0,NoRank,NoRank,NoRank,NoRank,NoRank,NoRank,NoRank,NoRank,0x0,FlyingCost,FlyingCost,FlyingCost,FlyingTerrainAvo,FlyingTerrainDef,FlyingTerrainRes,0x0
Gorgon,0x2ff,0x34b,0x61,0x0,0x61,0x0,0x61,0x0,19,8,3,4,5,7,11,6,60,30,30,30,30,30,15,3,45,60,30,25,10,40,30,0,0,0,0,0,0,0x0,NoRank,NoRank,NoRank,NoRank,NoRank,NoRank,NoRank,NoRank,0x0,MagicCost,MagicCost,MagicCost,GroundTerrainAvo,GroundTerrainDef,GroundTerrainRes,0x0
Gorgon Egg,0x300,0x34c,0x62,0x0,0x62,0x0,0x62,0x0,50,0,0,0,10,10,6,0,60,30,30,30,30,30,15,3,100,0,0,0,0,0,0,0,0,0,0,0,0,0x0,NoRank,NoRank,NoRank,NoRank,NoRank,NoRank,NoRank,NoRank,0x0,0x0,0x0,0x0,GroundTerrainAvo,GroundTerrainDef,GroundTerrainRes,0x0
Gargoyle,0x301,0x34d,0x63,0x0,0x63,0x0,0x63,0x0,19,6,3,6,6,0,8,6,60,30,30,30,30,30,15,3,80,45,35,35,25,15,10,0,0,0,0,0,0,0x0,NoRank,NoRank,NoRank,NoRank,NoRank,NoRank,NoRank,NoRank,0x0,FlyingCost,FlyingCost,FlyingCost,FlyingTerrainAvo,FlyingTerrainDef,FlyingTerrainRes,0x0
Deathgoyle,0x302,0x34e,0x64,0x0,0x64,0x0,0x64,0x0,23,8,5,8,9,1,11,7,60,30,30,30,30,30,15,3,75,40,30,25,20,17,10,0,0,0,0,0,0,0x0,NoRank,NoRank,NoRank,NoRank,NoRank,NoRank,NoRank,NoRank,0x0,FlyingCost,FlyingCost,FlyingCost,FlyingTerrainAvo,FlyingTerrainDef,FlyingTerrainRes,0x0
Dracozombie,0x303,0x34f,0x65,0x0,0x65,0x0,0x65,0x0,53,1,0,1,0,3,25,5,100,30,30,30,30,30,15,3,85,35,20,20,30,10,25,0,0,0,0,0,0,0x0,NoRank,NoRank,NoRank,NoRank,NoRank,NoRank,NoRank,NoRank,0x0,FlyingCost,FlyingCost,FlyingCost,FlyingTerrainAvo,FlyingTerrainDef,FlyingTerrainRes,0x0
Demon King,0x304,0x350,0x66,0x0,0x66,0x0,0x66,0x0,120,23,20,18,25,25,25,2,120,30,30,30,30,30,15,5,95,40,30,20,20,20,25,0,0,0,0,0,0,0x0,NoRank,NoRank,NoRank,NoRank,NoRank,NoRank,NoRank,NoRank,0x0,0x880bbd7,0x880bbd7,0x880bbd7,GroundTerrainAvo,GroundTerrainDef,GroundTerrainRes,0x0
Archer on Ballista,0x0,0x0,0x67,0x0,0x67,0x0,0x67,0x0,0,0,0,0,0,0,0,0,0,30,30,30,30,30,15,3,0,0,0,0,0,10,0,0,0,0,0,0,0,0x0,NoRank,NoRank,NoRank,NoRank,NoRank,NoRank,NoRank,NoRank,0x0,0x0,0x0,0x0,GroundTerrainAvo,GroundTerrainDef,GroundTerrainRes,0x0
Archer on Iron Ballista,0x0,0x0,0x68,0x0,0x68,0x0,0x68,0x0,0,0,0,0,0,0,0,0,0,30,30,30,30,30,15,0,0,0,0,0,0,0,0,0,0,0,0,0,0,0x0,NoRank,NoRank,NoRank,NoRank,NoRank,NoRank,NoRank,NoRank,0x0,0x0,0x0,0x0,GroundTerrainAvo,GroundTerrainDef,GroundTerrainRes,0x0
Archer on Killer Ballista,0x0,0x0,0x69,0x0,0x69,0x0,0x69,0x0,0,0,0,0,0,0,0,0,0,30,30,30,30,30,15,0,0,0,0,0,0,0,0,0,0,0,0,0,0,0x0,NoRank,NoRank,NoRank,NoRank,NoRank,NoRank,NoRank,NoRank,0x0,0x0,0x0,0x0,GroundTerrainAvo,GroundTerrainDef,GroundTerrainRes,0x0
Ballista,0x0,0x0,0x6a,0x0,0x6a,0x0,0x6a,0x0,0,0,0,0,0,0,0,0,0,30,30,30,30,30,15,0,0,0,0,0,0,0,0,0,0,0,0,0,0,0x0,NoRank,NoRank,NoRank,NoRank,NoRank,NoRank,NoRank,NoRank,0x0,0x0,0x0,0x0,GroundTerrainAvo,GroundTerrainDef,GroundTerrainRes,0x0
Iron Ballista,0x0,0x0,0x6b,0x0,0x6b,0x0,0x6b,0x0,0,0,0,0,0,0,0,0,0,30,30,30,30,30,15,0,0,0,0,0,0,0,0,0,0,0,0,0,0,0x0,NoRank,NoRank,NoRank,NoRank,NoRank,NoRank,NoRank,NoRank,0x0,0x0,0x0,0x0,GroundTerrainAvo,GroundTerrainDef,GroundTerrainRes,0x0
Killer Ballista,0x0,0x0,0x6c,0x0,0x6c,0x0,0x6c,0x0,0,0,0,0,0,0,0,0,0,30,30,30,30,30,15,0,0,0,0,0,0,0,0,0,0,0,0,0,0,0x0,NoRank,NoRank,NoRank,NoRank,NoRank,NoRank,NoRank,NoRank,0x0,0x0,0x0,0x0,GroundTerrainAvo,GroundTerrainDef,GroundTerrainRes,0x0
Civilian,0x305,0x351,0x6d,0x0,0x6d,0x1,0x6d,0x0,8,1,0,0,0,0,4,5,60,30,30,30,30,30,15,1,10,0,0,0,0,10,0,0,0,0,0,0,0,0x0,NoRank,NoRank,NoRank,NoRank,NoRank,NoRank,NoRank,NoRank,0x0,0x880ba51,0x880ba51,0x880ba51,GroundTerrainAvo,GroundTerrainDef,GroundTerrainRes,0x0
Civilian (F),0x305,0x351,0x6e,0x0,0x6e,0x1,0x6e,0x0,7,0,0,0,0,1,3,5,60,30,30,30,30,30,15,1,10,0,0,0,0,10,0,0,0,0,0,0,0,0x0,NoRank,NoRank,NoRank,NoRank,NoRank,NoRank,NoRank,NoRank,0x0,0x880ba51,0x880ba51,0x880ba51,GroundTerrainAvo,GroundTerrainDef,GroundTerrainRes,0x0
Civilian,0x305,0x351,0x6f,0x0,0x6f,0x1,0x6f,0x0,10,0,1,0,0,2,6,5,60,30,30,30,30,30,15,1,10,0,0,0,0,10,0,0,0,0,0,0,0,0x0,NoRank,NoRank,NoRank,NoRank,NoRank,NoRank,NoRank,NoRank,0x0,0x880ba51,0x880ba51,0x880ba51,GroundTerrainAvo,GroundTerrainDef,GroundTerrainRes,0x0
Civilian (F),0x305,0x351,0x70,0x0,0x70,0x1,0x70,0x0,9,0,1,0,0,1,4,5,60,30,30,30,30,30,15,1,10,0,0,0,0,10,0,0,0,0,0,0,0,0x0,NoRank,NoRank,NoRank,NoRank,NoRank,NoRank,NoRank,NoRank,0x0,0x880ba51,0x880ba51,0x880ba51,GroundTerrainAvo,GroundTerrainDef,GroundTerrainRes,0x0
Civilian,0x305,0x351,0x71,0x0,0x71,0x1,0x71,0x0,12,3,0,0,2,0,7,5,60,30,30,30,30,30,15,1,10,0,0,0,0,10,0,0,0,0,0,0,0,0x0,NoRank,NoRank,NoRank,NoRank,NoRank,NoRank,NoRank,NoRank,0x0,0x880ba51,0x880ba51,0x880ba51,GroundTerrainAvo,GroundTerrainDef,GroundTerrainRes,0x0
Civilian (F),0x305,0x351,0x72,0x0,0x72,0x1,0x72,0x0,10,0,1,0,1,1,5,5,60,30,30,30,30,30,15,1,10,0,0,0,0,10,0,0,0,0,0,0,0,0x0,NoRank,NoRank,NoRank,NoRank,NoRank,NoRank,NoRank,NoRank,0x0,0x880ba51,0x880ba51,0x880ba51,GroundTerrainAvo,GroundTerrainDef,GroundTerrainRes,0x0
Peer,0x0,0x0,0x73,0x0,0x73,0x1,0x73,0x0,10,0,0,0,0,0,8,5,60,30,30,30,30,30,15,1,10,0,0,0,0,10,0,0,0,0,0,0,0,0x0,NoRank,NoRank,NoRank,NoRank,NoRank,NoRank,NoRank,NoRank,0x0,0x880ba51,0x880ba51,0x880ba51,GroundTerrainAvo,GroundTerrainDef,GroundTerrainRes,0x0
Queen,0x307,0x353,0x74,0x0,0x74,0x1,0x74,0x0,10,0,0,0,0,0,5,5,60,30,30,30,30,30,15,1,10,0,0,0,0,10,0,0,0,0,0,0,0,0x0,NoRank,NoRank,NoRank,NoRank,NoRank,NoRank,NoRank,NoRank,0x0,0x880ba51,0x880ba51,0x880ba51,GroundTerrainAvo,GroundTerrainDef,GroundTerrainRes,0x0
Prince,0x0,0x0,0x75,0x0,0x75,0x1,0x75,0x0,10,0,0,0,0,0,7,5,60,30,30,30,30,30,15,1,10,0,0,0,0,10,0,0,0,0,0,0,0,0x0,NoRank,NoRank,NoRank,NoRank,NoRank,NoRank,NoRank,NoRank,0x0,0x880ba51,0x880ba51,0x880ba51,GroundTerrainAvo,GroundTerrainDef,GroundTerrainRes,0x0
Queen,0x307,0x353,0x76,0x0,0x76,0x1,0x76,0x0,10,0,0,0,0,0,6,5,60,30,30,30,30,30,15,1,10,0,0,0,0,10,0,0,0,0,0,0,0,0x0,NoRank,NoRank,NoRank,NoRank,NoRank,NoRank,NoRank,NoRank,0x0,0x880ba51,0x880ba51,0x880ba51,GroundTerrainAvo,GroundTerrainDef,GroundTerrainRes,0x0
(empty),0x0,0x0,0x77,0x0,0x77,0x0,0x77,0x0,0,0,0,0,0,0,0,0,0,30,30,30,30,30,15,0,0,0,0,0,0,0,0,0,0,0,0,0,0,0x0,NoRank,NoRank,NoRank,NoRank,NoRank,NoRank,NoRank,NoRank,0x0,0x0,0x0,0x0,GroundTerrainAvo,GroundTerrainDef,GroundTerrainRes,0x0
Fallen Prince,0x0,0x0,0x78,0x0,0x78,0x1,0x78,0x0,10,0,0,0,0,0,25,5,60,30,30,30,30,30,15,1,10,0,0,0,0,10,0,0,0,0,0,0,0,0x0,NoRank,NoRank,NoRank,NoRank,NoRank,NoRank,NoRank,NoRank,0x0,0x880ba51,0x880ba51,0x880ba51,GroundTerrainAvo,GroundTerrainDef,GroundTerrainRes,0x0
Tent,0x0,0x0,0x79,0x0,0x79,0x1,0x79,0x0,15,0,3,3,3,0,25,0,60,30,30,30,30,30,15,1,10,0,0,0,0,10,0,0,0,0,0,0,0,0x0,NoRank,NoRank,NoRank,NoRank,NoRank,NoRank,NoRank,NoRank,0x0,0x880ba51,0x880ba51,0x880ba51,GroundTerrainAvo,GroundTerrainDef,GroundTerrainRes,0x0
Pontifex,0x306,0x352,0x7a,0x0,0x7a,0x1,0x7a,0x0,10,0,0,0,0,0,8,5,60,30,30,30,30,30,15,1,10,0,0,0,0,10,0,0,0,0,0,0,0,0x0,NoRank,NoRank,NoRank,NoRank,NoRank,NoRank,NoRank,NoRank,0x0,0x880ba51,0x880ba51,0x880ba51,GroundTerrainAvo,GroundTerrainDef,GroundTerrainRes,0x0
Dead Peer,0x0,0x0,0x7b,0x0,0x7b,0x1,0x7b,0x0,10,0,0,0,0,0,25,5,60,30,30,30,30,30,15,1,10,0,0,0,0,10,0,0,0,0,0,0,0,0x0,NoRank,NoRank,NoRank,NoRank,NoRank,NoRank,NoRank,NoRank,0x0,0x880ba51,0x880ba51,0x880ba51,GroundTerrainAvo,GroundTerrainDef,GroundTerrainRes,0x0
Cyclops,0x2f8,0x344,0x7c,0x0,0x7c,0x0,0x7c,0x0,40,8,5,6,13,0,16,5,80,30,30,30,30,30,15,3,95,30,35,25,24,25,10,0,0,0,0,0,0,0x0,NoRank,NoRank,NoRank,NoRank,NoRank,NoRank,NoRank,NoRank,0x0,AxemanCost,AxemanCost,AxemanCost,GroundTerrainAvo,GroundTerrainDef,GroundTerrainRes,0x0
Elder Bael,0x2f7,0x343,0x7d,0x0,0x7d,0x0,0x7d,0x0,36,8,5,5,9,4,15,6,80,30,30,30,30,30,15,3,85,45,25,20,21,17,10,0,0,0,0,0,0,0x0,NoRank,NoRank,NoRank,NoRank,NoRank,NoRank,NoRank,NoRank,0x0,BrigandCost,BrigandCost,BrigandCost,GroundTerrainAvo,GroundTerrainDef,GroundTerrainRes,0x0
Journeyman (2),0x2d8,0x324,0x7e,0x0,0x7e,0x0,0x7e,0x27,20,5,3,4,2,1,8,5,60,30,30,30,30,30,15,3,85,55,40,32,18,20,40,2,0,2,0,2,2,0x0,NoRank,NoRank,NoRank,NoRank,NoRank,NoRank,NoRank,NoRank,0x0,AxemanCost,AxemanCost,AxemanCost,GroundTerrainAvo,GroundTerrainDef,GroundTerrainRes,0x0
Pupil (2),0x2d9,0x325,0x7f,0x0,0x7f,0x0,0x7f,0x29,17,2,3,3,3,3,5,5,60,30,30,30,30,30,15,3,55,55,40,35,10,30,40,2,1,1,0,2,2,0x0,NoRank,NoRank,NoRank,NoRank,NoRank,NoRank,NoRank,NoRank,0x0,MagicCost,MagicCost,MagicCost,GroundTerrainAvo,GroundTerrainDef,GroundTerrainRes,0x0
